"Subject","RCCA1","RCCA2","RCCA3","RCCA4","RCCA5","RCCA6"
"100307",0.356166324493277,1.29215128853863,1.56226643718059,-0.58354018081531,0.143029186654551,0.21608301985193
"100408",-0.46521891578208,-0.0978669203037148,-1.45263576547341,-0.515236569744149,0.700051026323911,0.0628934880660624
"100610",1.34243740392474,0.172642149814744,0.115179986434,0.248760605040761,-0.361001026216855,-0.193144257773497
"101309",-0.409967730596041,-1.37126430421978,-0.45000739044573,-1.6039070660473,0.0616393021977957,0.134651915470526
"101915",-0.936852136185196,-1.09100849909688,-1.26118024699427,-0.126607191994086,0.544261112312382,0.572408551655251
"102008",0.449626610023993,-0.526434774131526,-1.95120207082616,0.938943350354705,0.494833615578068,0.321822830825961
"102311",0.274280555596664,-0.0716959527045531,1.53305127178463,-0.686102111297245,1.60370144671083,0.0929659148061042
"102513",-0.362084947750261,-0.793426514188115,-1.37538359125516,-0.0483204822380775,1.35379839758929,-1.00662621083603
"103414",0.711102516199519,-0.224103109996816,0.149092327283883,-0.157099997624571,-0.52893924547318,0.0224089821551593
"103515",-2.60701065268551,0.777655076772675,0.267025608594865,2.94255100070771,-0.839928630053018,-0.849424912530835
"104012",-0.278755907258102,-0.176982737019726,0.0333437501998702,-1.04546426898291,-0.104932685339918,0.176691381408699
"104416",0.243038377633988,-0.595188151759581,-0.799016858358448,-1.15891960732308,-0.276947503378801,-1.14438617808866
"105115",-0.338191646476941,0.444961713304507,0.10786456423075,0.419343447515188,1.29617829912193,-0.171316130308078
"105216",0.439533778681514,0.819899442936147,-0.712975927377273,-0.280516020357902,0.769135663911208,-0.440114095251475
"105923",-0.593708116223792,-0.534770431960384,-0.465185457832805,-0.181433398724962,-0.690978719485931,1.19702646968246
"106319",0.969643679843379,1.47707883933825,-0.361578073208151,-0.753541821857233,1.67537349897365,-1.12169413120079
"107018",0.594937539538738,-0.816084447174109,-0.41810465070772,0.20316610444619,-0.195551560442197,-1.00591402778196
"107321",-0.703676065441102,-0.686872220292836,-0.973788254116699,0.71259853719726,0.20430248990743,0.420423517451518
"107422",0.928816332586079,0.0150270885915762,-0.160913008956004,-1.27921219148235,-1.44742610159667,-0.134729635062162
"107725",0.669181479566111,1.06068179729228,-0.455336369502224,-0.477357648459728,0.195417527349653,-0.53012769665292
"108121",0.795544582277972,0.413275660991586,0.477479227274584,0.567368367381389,0.447655315208004,-0.286323308131467
"108222",-0.505232074460204,0.116274591350621,-0.664336528830242,-1.20804421284154,-0.433008501937015,0.186222189154076
"108525",-0.794537416887458,-1.19093699735082,-1.01327832722298,-0.140843278214596,1.74863757581123,-0.329658017775825
"108828",-0.616007544767022,3.1498735841266,-0.0543827094395068,0.457621989778413,-0.0157805691712407,0.678442404163992
"109123",-1.41421732314989,0.424063195089976,0.485006850820788,0.767973817826409,-0.208259347612506,0.665719556437933
"109325",1.47237309210328,-1.30379112821093,-0.277460127606627,1.40603859243005,0.218106362608717,1.33268349004672
"111009",0.0885258052921916,0.697391105154842,0.0191367262372509,-0.544095894470781,-0.952143985280145,-1.58149340838915
"111413",0.626824514080967,1.70864595391853,0.977889279447721,0.693089205063473,0.856983804406591,-0.69425492371718
"111514",-0.308538648818074,-0.739661459138827,0.332466973159411,1.32402353718268,-1.44252632625983,0.852647107826576
"112920",-0.449392057390611,0.0855666971466422,1.94323853481903,-0.357751154118536,0.736191815501868,-1.08026296788682
"113619",0.201415546564865,-0.365231565389779,-1.14211896962269,-1.20767085234449,0.164340885985152,-1.55853624930421
"113922",-0.585088532044945,0.276864144010096,1.19734448282203,-0.510397055090461,-1.00442440553813,-0.898971292393063
"114217",0.158397600673776,-2.13611666216605,0.842105237976228,-0.271389367393903,0.185447267328801,-0.712024578453932
"114318",1.08650843425333,0.5514092278797,-1.34990736257436,-0.0339075430391545,-0.380729384751441,-0.304994422470199
"114419",0.407763319458899,-0.0978011370076033,-0.507138021080732,1.0816562696615,-2.9845414509882,-0.549484803784564
"114621",-2.52704382160621,-0.98870226905459,0.201184946068133,-0.415932041931976,0.0326280303636421,0.0140967139122205
"114823",0.0353297980340983,-0.447192001771363,-0.647847004260814,0.449418284443019,0.50142145026177,0.0967857199767816
"115017",1.49741910855994,-0.385736862200237,-0.715546196989309,0.537655782198709,-0.353167269210628,0.975235827098709
"115219",0.160409283810714,1.47530010973854,0.623106000136128,-1.03609589501839,0.0189865476778091,1.30975789785915
"115825",-0.0774634086174748,0.0698965289629956,0.850341907833553,0.0604065146469741,1.27931034545372,0.122681625553153
"116524",-1.82706306944335,0.593886308294408,-1.1933402642337,2.46143880272114,-1.00210329103852,-2.65335374520014
"117324",1.74050249871339,-0.858255849349235,-1.33649107081196,-1.11143667630532,-0.0415523096090724,2.62732915342051
"117930",-0.285346705215378,-0.862324028961011,0.612279357628117,0.783423751822294,-0.572411346972128,0.0416663402444314
"118023",-0.285330476473789,-0.79854580627383,-0.328246922090292,-0.163153351784726,-1.05958429812363,-0.704231481365616
"118225",-0.116525720250463,-0.65100727584215,0.553570074359997,-0.991263319479926,-1.68712489336868,0.524069320382831
"120111",0.57395592349594,-0.496337788479346,1.64627841627507,-0.693270101957461,0.983747881839384,1.14683830836319
"120717",-0.215110850006892,-0.0809920413805296,-0.823898471306389,0.355632844444342,1.36028585106464,0.506838303812844
"121416",-1.75647560764528,-1.15369052412171,-1.46636220802111,-1.68824317875522,1.27228849749263,0.946638501484942
"121618",-0.201824574386882,0.963486132728627,-0.641105282259381,0.66176683657247,-0.27449913067637,0.085030654146234
"121921",0.898981429240157,0.333290487169506,-0.486031207068199,1.28730108307958,-1.33618757004038,-0.410861285156868
"122317",-0.245630211668373,0.278554139897206,-0.111438266841161,-0.0907057082622501,-0.861182464432311,-0.0283798369430484
"123117",0.612160235386726,0.051496307281652,0.231967328302811,1.65076837045069,0.328757804265048,0.531447424900962
"123420",1.28697412909966,1.80996984521034,-1.56677967048652,0.527443507905678,2.97607222180372,2.84550208645656
"123521",1.05036414501739,1.10717773904974,-1.90873690761326,-1.18997690180801,-0.795876501861767,-1.43107089401347
"123925",0.583594853647375,0.393085672081198,1.14509226743023,-0.774584782464775,-0.255121467404636,0.855766638947607
"124220",0.391256143770305,-0.913188402007119,-0.346116515418095,0.441882335286847,1.06506121498332,-0.202166025875952
"124624",-1.10719284980836,-2.19407964875009,0.220420789433748,1.65728070157815,1.0675339890256,-0.808730391102664
"126325",1.40357198548094,-1.42726053078929,1.01174464878813,1.02839995092516,0.682263384517803,1.66712370342974
"126628",1.61441426642961,-0.183929907965652,-0.396445640043816,0.77542796348812,-0.23381935552535,-0.240102306878213
"127226",-1.08958233068768,0.773072613689544,0.00126152945738226,0.496635430308543,-1.28187770422191,0.734713667133043
"127630",-0.607764169425905,0.292045562387823,-1.08992094832388,-0.784737959642036,-0.896798544752869,0.340939015604924
"127731",-0.0256481734855301,-1.17508329254104,0.232847059815159,-1.13986318725058,0.770013847563522,-1.14125730339266
"127933",-0.739454225211031,-0.556545386821179,-2.16225373189804,-0.535800855200412,-0.0386961953725222,-1.72380982379867
"128127",0.539918807916366,-0.0387137801047454,0.66760001808158,0.861256473846174,-0.167572297787971,-0.991519872476247
"128935",1.33599110873208,0.356880202284639,0.52862791327303,0.172304478895334,-0.0984800308985829,0.124621176443655
"129028",-0.476787299578193,-0.992679063083449,-0.404835474663336,1.39232780664167,0.390901657226822,0.258363296519383
"129129",1.115031175539,1.47547375234351,-0.0572882690600298,1.33497935464184,-0.439595425259363,-0.516454804361447
"129331",-0.481681956516551,-0.0298648837646179,-0.69641578873363,0.0228525073233495,0.598224320890198,-0.0824520931181368
"130013",-0.986663401671457,-0.0980064091302453,-0.394934259864873,-0.745499758358411,-1.89482232363141,0.620408654787429
"130114",1.62975152031394,-1.10626038314132,-0.827136569467326,-0.544544153451164,-0.437800180694132,0.745294907273945
"130316",-0.529874164363803,0.525345642990325,0.295420905998391,-0.270847082495366,-1.70373850281721,-0.0642123081427138
"130417",1.2130734775024,0.720860143063052,0.805394990407358,-0.316444118388872,0.0388939814680168,0.350452997412143
"130619",1.22672637515231,0.523174082712714,-0.313707341019911,0.574824570188413,0.174331361474769,0.32018619181015
"130821",-1.06197627570139,-0.116594175034031,0.269458761447064,-1.48485002466055,0.775817584305184,-0.367295409888348
"130922",0.863521877469006,0.330000990595823,-0.128708381912745,0.124313737778266,0.148707290009436,-0.144241109241997
"131217",0.207364036463871,0.515124635238974,-0.0230704128095842,-1.31349354144918,-0.217417282238411,-0.665484552076146
"131419",0.987577305255239,-0.103820460998914,-0.449506691457765,-0.426299790233175,0.454517732246189,0.457798855977269
"131722",0.194020184540639,2.17443626296539,-1.5467170896923,1.09535336540102,0.674519374892179,0.590341669259812
"131924",1.17805523992985,-0.930431902480866,-0.00143385541481017,0.123896080090482,2.06906934194219,2.45872390107993
"132017",-2.31662955387991,-0.4622823246497,2.30705526726235,0.458651746834862,1.34706030919138,-0.199772525285951
"133019",0.193674875321546,-1.13420466624677,0.140985950632127,-0.625088454559652,1.20488288464858,-1.08390638688998
"133625",-0.194695855417546,-0.0115715503202584,-0.0313256914577366,0.467839651517436,0.307331334238246,1.50557209837302
"133928",-0.769521345322539,-0.167941353901102,0.904197317285819,-0.215841090119562,1.05819074087218,0.0617177384016885
"135225",-0.167001228619755,0.485906483019818,-1.02110026107153,0.31707784016288,-0.49490057883856,-0.568829036550487
"135528",0.146872862211404,0.192351748364504,-0.0953873037948273,-2.12985756016038,-0.447825036210192,-0.125899360583067
"135730",-0.20141984600228,0.852586199417374,-0.598795283221915,0.00780898456597908,0.404960647953175,2.18543152490194
"136227",0.539315322424992,0.366094643189662,-0.523421933521874,0.122781326248399,-0.00654727850484688,-0.0786315407816824
"136732",0.60440541349424,-2.15946826835993,0.265412014113983,2.18799337523331,0.800212280066088,0.246017508572459
"136833",1.44074209064208,-0.728897948945192,-1.09825392571222,-0.152036077079223,0.0508240576148195,-0.431026911323742
"137027",0.634099961029516,-1.27046679918968,1.76552397738254,-0.075682645343473,-0.678713822465301,-0.407669355738602
"137128",0.104204849703881,-1.06095646197235,-0.08849071971955,-0.535231029712474,0.872839866625441,-1.56851491394428
"137229",0.912920859972884,0.856168606310212,2.01204905201842,-0.47952232191152,0.0186818832072925,0.563531507908188
"137633",1.04600758873892,-0.686257268595502,-0.775512546527082,0.554093755064844,0.211532671483963,-0.370310169283112
"137936",-1.21042139657308,-1.7813609910752,1.15101100193865,-0.541443791929705,0.3725470482421,1.74321300023924
"138534",0.640510974755443,-1.61787908858051,1.27080638311612,-0.332459057904439,-0.272763570148249,-0.544870523369961
"139839",-0.413682145667944,-0.06978817487798,-0.313529722801725,0.264402617047996,1.00669839763461,-0.154952763438553
"140824",-1.44282650929777,0.000119440492934525,-2.77648711358,0.811791998148012,0.897695385569698,1.91607014656144
"140925",-1.20081646467277,2.27464558262313,-1.1281086143672,0.138461586043035,-0.00982229172207694,-0.40251500358455
"141119",-0.923032435565359,-0.212817867281932,-1.16527031228403,-0.694561213144205,-2.78356009720881,0.802748615356727
"141422",-1.25265786813284,-0.0148476137210881,1.03496639772114,0.0834766555465726,-0.714087213733858,0.425810658278451
"142828",-0.276511811823729,-0.808508404588921,-0.924957727952946,1.00636387595569,0.364873657310218,-1.26124039071862
"144428",-1.50326889997425,1.41520841618599,0.573545159464808,-0.0185511595341356,2.53947548516645,-1.15534960607979
"144731",1.25579735107623,0.387269808149492,-0.673850728995834,0.80265192210318,-0.630273007804417,0.0230913163986182
"145834",-1.74063552101878,-0.361622044376837,-2.16391267108937,-2.96823849971091,0.191733814848179,0.455758565416791
"146331",-2.22664648296679,-1.39328579052156,2.03001708495701,0.195887636704325,-0.143929969365395,2.50297644990002
"146432",0.278625976134375,-1.96570326883306,0.401497472506743,0.24485574146781,-0.94254881017423,-2.62150956155181
"146937",0.571561036033531,-0.64237100551078,0.0560710588249185,2.52778537759554,1.12508564785694,-0.172395891326932
"147636",0.28367667732155,0.186451798854975,-0.593370224769333,0.350092206519548,-0.865212893721284,-2.21377696489097
"148032",0.626364212532076,-1.12754852868495,-0.347315147109613,-1.04286278656801,0.33228637344302,0.197679315426511
"148133",0.044424320355981,1.35233970840271,0.749690489639679,1.13220435832816,0.172334156430096,0.0478119632176734
"148335",-0.292824480257907,-0.11332975210041,-1.02767951063451,1.24784884071185,-1.00838239587232,-0.40363763223588
"148941",0.884778700252564,-0.0170742264134917,-0.804627278795849,0.282609006156518,-1.47758281578836,0.22511213118896
"149236",0.803679047537482,1.1210463645196,0.291788492914491,-0.135829571430064,0.557994633514056,0.0910692500466933
"149337",-0.301454521901625,-0.226189839310113,1.01897972952718,-0.951079563900619,0.467167159584952,-0.802707571242434
"149539",1.88144079573187,0.889495011686845,-0.207190287298689,0.568029151801253,-1.0596610857865,0.772062655757346
"149741",0.966989642191744,-0.595392453530134,1.10858778908144,-0.555204314351962,-0.237045340783884,0.29975403752629
"149842",-0.258779295475447,0.480929967796632,0.985583037250366,-0.604085481549494,0.243861677998224,0.470028578030382
"150726",1.41375002543811,0.892007973135258,0.317946050342826,0.351299487303535,1.08032663426694,-0.157963945249159
"151324",-0.779947003977158,1.05855549372913,-0.156864214785148,1.21632979694313,-1.19966970996258,2.23131831675398
"151425",0.597022734958187,0.91851506384774,1.7098608671724,0.865390630202969,-1.06794335367086,-0.0687309672349836
"151526",0.418806125221985,3.54356283453604,0.276786188208221,0.839835356688779,0.402246675881369,0.0267431895451117
"151829",1.02240885956038,0.636288929720293,-0.059532350673834,0.557766871244393,0.463235599086419,-0.0864835148276515
"152225",0.434269536065991,-1.11158620816905,-1.21280126462565,0.479631090156913,0.604639545572131,-0.713811037328051
"152831",0.395242469943279,2.22261966686308,1.30983583562132,-1.19296752307714,0.278704912138796,-1.03309099247721
"153025",-0.918369021028854,0.000622766824068435,-0.436067774786893,1.69533792826505,-0.163749632623785,1.57547603775261
"153631",0.820600074336909,2.0516127130873,-0.313484768756093,-0.462159842719447,0.417631055147051,-0.160831732054003
"153833",-2.24555664840797,-0.262971400973579,-0.0594168545818503,-0.568132181097462,-0.50039210601391,-1.08952751713678
"154229",-0.240004200963977,1.65862939330307,0.259641801808052,-1.33100784844995,-0.773996143329853,2.98512434296564
"154330",-0.371809689455724,-0.233947260821997,-0.4049277357803,0.056755839648636,-1.48078014003235,0.33123518443538
"154431",0.651023803584994,-2.13011698529636,0.930873145265427,-0.130474928432263,0.958183299818247,0.547736013980711
"154532",-1.02482812725051,-0.291744502467918,-1.87636367278825,0.570563251412862,-0.698659475037669,0.897003926208704
"154734",1.41881279017045,-0.871321010592495,-0.504783105746371,-1.1081936374058,0.354985503601695,0.777184195850906
"154835",-1.04843694468962,0.342476412502354,0.534603128842077,-0.0511104551400573,0.126616137663448,1.10684025454429
"154936",-1.53100984832842,2.47215636735363,-0.61504230342593,-0.530450079170508,-1.81621717205776,-0.822391295160762
"155938",1.48125941652377,-0.457879559459079,-0.655640063033126,-1.23986313043884,1.13131158138048,0.819353031310817
"156334",0.451782393248782,-0.678887272071397,-0.272301843546524,0.0171649347379364,0.422527160281178,-1.21414436229952
"157437",0.134759006087137,-0.317714387693576,0.915804460447928,1.92612394244838,2.55538798894506e-05,0.351027785572792
"157942",0.739157974570811,1.00073900962654,0.622572597507739,0.355837748251912,1.40820700306581,-0.321986290946579
"158136",-1.12974472204056,1.73143193064497,-0.23200019118451,-1.28543073252659,0.979177629804897,0.467386313463698
"158338",-0.407849293182022,0.557394544205049,-0.38198083107033,0.370771957036934,-0.819371442872067,0.604662835656171
"159138",1.04301806272123,-1.29105638052661,-0.297929666729358,-1.03015242720893,-0.653840093116154,-0.0346548309146276
"159340",-0.540899029717512,-1.92051789131161,-0.156653830050032,-0.997921762901853,-0.139233353907001,0.108512105571042
"159441",0.811511402729815,0.0762387323537285,-2.67747452505119,1.28279525874296,0.887056618529327,-0.0031756419023717
"160123",1.12847583759607,-0.148849778627885,-0.615638087725133,-0.0425464338736262,0.495542669401867,-1.15072950179041
"160729",1.05442968606772,0.49800353468755,-1.87206082992344,1.98534506440718,-0.35624136627611,0.981581077941612
"162228",0.856722732966097,-1.56177476750689,0.515567369311355,-1.36787401828877,-0.00777288031402268,0.334721315458487
"162935",0.383420952188097,0.583325578700512,0.571152892166341,-0.858008473925045,0.640613833432118,-1.74143173515402
"163129",1.10108212621547,0.750912283981494,-0.855743060252393,-1.68501336804294,0.183196107523662,-0.0944769082021373
"163331",-1.27241039762836,-1.37005864715676,1.11136730228403,1.54406288633223,1.26724768931907,-1.18867992318903
"163836",-1.63189660144318,0.118649341647966,-0.0715231320817856,0.619920130527457,-0.587644460480123,0.543445735096636
"164030",0.462285014027359,-1.17061918896565,-0.182920199603968,-1.0891859436769,-0.677460723947683,-1.54381376759183
"164131",-0.296540829504119,0.466464940583093,1.20226896271549,1.1990812890401,-0.0204376748393319,-0.367262080159096
"164636",0.225232255696923,-0.710751029562063,0.00630776116387567,0.471312960805977,1.61080001517144,-0.139659321403197
"164939",-0.472392262727661,2.60290854631798,2.44880576947676,-2.11417210272061,3.22114149369926,-0.587510345822905
"165032",-0.693125448768568,0.233504826192348,-0.484508635608172,0.891763108048981,-1.23528450639239,-1.14829842723312
"165638",1.33157262177554,-0.723241809111356,0.684816240523522,0.0686844494670973,-0.999107231564798,0.552951428349613
"165840",-0.821929105973195,0.261978337542374,-0.440336863472696,0.541770404895001,0.0399864963794969,0.397750573757664
"166640",-1.40595140634178,-0.0499628275412973,0.421485934078786,1.10566906146617,-0.10681558529514,0.765410171088823
"168240",-3.01527209850334,0.453266098588158,-0.468495940468687,1.40170084795543,1.88517088992801,-0.408842119351502
"168341",0.670813143778167,-1.14561354050415,0.12515648341738,0.241935432201722,-1.73317390887971,-1.76248170413414
"169040",-0.670603046258768,0.530212879561147,-0.604104979929899,1.14543880672547,0.852348742117651,1.62073588054463
"169444",-0.230968983238811,0.492510897396848,-2.84074290206347,-0.736264866738431,-1.13680490899026,-0.288689786651984
"171330",1.12413709918909,0.564393528019431,0.665536563561941,-0.307325845701017,-0.0486325742391377,0.0132565868877433
"171633",0.609677091314292,1.64429779495117,4.10065675971817,1.44264259260176,2.41151136935705,-0.657794553043901
"172029",0.167010794580515,1.34261529212423,-0.0672769178200428,0.583838033151597,-0.394748822264936,1.59555688762931
"172130",0.86712969795333,0.451404421639644,-0.431553872796381,-0.633708857059665,-0.701839979485885,-1.20190091086015
"172938",0.0126068682115001,-1.02116742070626,-0.791628098242983,0.841920474783851,-0.82654669896,1.45314497489598
"173334",0.277817105287609,0.465966373244642,0.345494346889019,-0.170690576043606,-0.34248188210336,0.852307032128059
"173435",-0.209544505584477,-0.733127022921501,-0.863225500075864,-0.0719749905310345,0.735528853872098,-0.29622157628323
"173536",0.285768924405397,0.915265537623039,-0.563412924364852,-0.523422711045602,-0.653945811834954,-1.55275296546545
"173637",0.878829756794154,-1.07199587128074,-0.870983018721583,-1.53747398070508,-0.705823325022672,1.01976494511049
"174841",1.08833091660772,-1.92771338255295,0.761450740175418,-0.0211648441562765,0.568739645482217,0.0149909810637156
"175237",0.176829478063936,-0.524406977765218,0.759362967921902,-0.325624441901744,0.487031588005289,-0.922085071525804
"175338",-2.04006158195696,-1.08856534656949,-0.505424856701015,-0.785108098093183,-0.569807447303822,-0.372170754217636
"175540",0.0522694138193703,-1.2164203576035,1.26358148255157,2.04714565283889,0.538483272933762,-1.1966858264048
"175742",0.460768439954415,-0.918778617498308,0.647831455658036,1.76562337145546,-1.0342930877995,0.510548030084374
"177645",-0.581823175181013,-0.0312044703348632,-0.794339806701706,-0.191179277756628,0.604099300951144,-0.908147272468921
"178142",-0.807911519478219,-1.57116225838783,1.16425962927332,2.17098536468228,-0.33549051801224,0.592421252863813
"178243",0.381007046187388,0.179307126739181,1.19914526557516,0.32084040520645,-0.391185964908515,1.20793044010998
"178748",-0.98359480129034,-0.0429337779626361,1.09510861880978,-0.292514987264464,-1.22117500653842,-0.631662346255571
"178950",-0.267722162488268,1.80342892468682,1.25432667026711,-0.791721368155228,-0.300000349857713,-3.17537062387317
"179245",-3.2954732485385,-0.696491577065563,-1.75898024561558,-2.25614791050474,2.29419010040472,-0.179835089032595
"179346",0.276604931482268,-0.882883491653648,-0.163263950140912,-1.08229335145467,1.03208480466557,-0.710629757632192
"180129",-2.26277853559318,3.5614107078,-3.06785503166543,2.90415006496938,0.859564430446085,0.254974443971082
"180432",0.832254761361485,-0.13781781710856,-1.0671351412445,0.20788228251341,-0.74721421033467,-0.882049711236409
"180735",-0.116730714186798,-0.924864932338246,-0.095711089720758,-1.27092320209914,0.568717807294854,-1.55374991716944
"180937",-0.797705698524184,0.716802593611981,0.0939903181958169,-0.0280539937156156,1.13686293397392,0.5151663765833
"181636",1.0853302050907,-0.273720179865313,-1.44998494287855,-1.0378587343976,-2.09036812073868,0.750315018594666
"182436",-0.802873508482207,0.787487762497882,0.55182924646778,-0.802512914621451,-1.28260762067712,0.759508513533552
"183034",-1.60410509509488,-0.849260847931565,1.28519551565333,-0.338851654295572,-1.17622187653344,1.81907381207548
"185341",0.0602061060784505,1.90162507546258,0.266340534092611,-1.9660597651903,1.51829131454908,-0.647734684639606
"185442",0.0159076154853941,-0.587864261418263,-1.05448499959524,-2.06446169251686,1.20706982366748,1.29939414346945
"185846",-0.312522707719119,0.85957572215979,-0.708496783605308,0.421802811397314,0.605374026807933,0.833334801547828
"185947",-0.16104369232808,1.50165163333931,-0.840579453389106,1.50228495599731,2.4361233459643,2.16913330532871
"186141",-0.930100643374025,0.385652985475555,1.62142223364522,-1.08306277817521,1.13585217058904,0.176545633967124
"186444",-0.49711439113684,1.38889273461547,-0.109670603908931,-0.0208870152242056,1.51660753109026,1.24582116891521
"187143",-0.807593758034787,-0.287607875909543,-1.08300719804746,0.437080871177986,0.500865710087317,0.312779192234661
"187345",-0.0282424163959903,0.204884618130062,0.325023421575282,0.0422657125365931,0.144502471265947,1.07618750069338
"187547",-0.580584480615632,-0.682343467390115,1.28908987509524,-0.386001108577026,-1.59105211316832,0.811894086219944
"187850",0.755766053550007,-0.461925703585704,-0.903726800151326,-1.53420672333279,-0.300678592900473,-1.02467272545462
"188347",-0.904794317686466,-1.80292788529061,1.30350313753707,0.555527571835575,0.591530749155873,1.90053622208515
"188549",0.522799003517365,1.10680718714184,0.186531279698915,-0.226840789680945,-0.277140046867657,1.37520130772197
"188751",0.884296093110593,-1.19392604807323,-0.245658002891096,0.160337986256917,0.285948533698811,-1.5660020211633
"189349",0.487323628402399,-0.565770662159703,-1.33496843902996,0.274482429596103,0.472373265178438,1.36787557977861
"189450",-1.60629750214055,0.386918100990485,-0.208380187947864,-1.61990170345325,0.522781933985789,-0.851931605213457
"190031",-0.265844290669858,0.388798609081706,1.47430520413371,0.447207752274736,0.357716651831886,-2.38774370181238
"191033",-0.277892326553663,-0.190480855096017,-1.33261267447515,1.02033605814521,-0.364141622107828,-0.67109885730008
"191235",-0.366185941053108,-1.34797583002754,-0.439051558838218,-0.221178819228598,-1.17642111026914,-0.261785604828851
"191336",-1.33282486058798,-0.168454074787028,-2.42869088026364,-2.25380621663544,-1.06413155539938,-1.93500767640365
"192035",0.325370155395121,-1.83658863419426,0.443563278328532,0.356671758946099,0.674202793287895,-1.17651456748946
"192540",1.73321693601349,-0.278839561843848,-0.662620078722566,-0.996292424550943,0.439827450005086,2.90609960480989
"192641",-1.74403859029939,-0.79118635709323,0.490121224760144,-0.465095090202955,-1.13546596635722,0.501764237166477
"192843",0.572871965335719,0.234251543268823,-0.338947088695226,0.7285625401829,0.631689405067398,-0.911380928925686
"194645",-0.545549209635376,0.431812458140261,0.0133419937724367,0.700688547859121,0.494527483269773,0.202890958854079
"194746",0.80999082970492,0.153335351471921,-0.175537205925884,-0.392880117663705,-2.10085494024704,1.8420468701382
"195041",-0.490680915556116,-1.85981208415544,-0.0251309410135161,0.640412063575313,2.57502612946509,0.443287107263191
"195445",-0.378497510988984,1.14757306514402,-0.38581043459598,0.752036761365145,-0.554724774873672,0.463511008885705
"195950",-0.165922396843304,0.291434917036512,-0.249331211938537,-1.14667659967105,-2.49360267576273,2.27212921739462
"196750",0.398762290618218,0.956984442030936,0.158051182361905,0.989291283480788,2.15104038120901,0.0662677684740489
"198350",0.979979178885327,0.127080975887429,0.81117795073594,0.349888528141436,-0.709105213595841,-0.72197294664065
"198653",-0.0384376070679065,0.448547121224998,1.34251426320945,2.24508548364535,1.41832798606972,-0.818722971109415
"198855",0.404880736561826,-1.67439752988702,0.743564165839417,0.893594130095226,1.10403300749232,-2.79343882053402
"199150",0.994867403663537,-1.05682770808323,-1.76890519020122,0.0351405513725444,-1.55338369399484,-0.61907667655664
"199453",1.16238635003785,-0.304963064543886,0.76183552746054,-1.50176108842126,1.35828257796463,1.20168219141655
"200008",0.585639458966403,0.462676274617297,-0.378159381474875,-0.318552403802609,1.14466552665931,-0.853095486799453
"200109",0.914468059349525,-0.217319508427869,-0.390062483461141,0.0157096230836602,-0.160936218213748,-0.00706108708699493
"200311",0.0610182867408188,-0.346913443244853,0.136230997401857,0.0497115861465052,0.288122914388837,-0.314427703174729
"201414",0.212175401133791,-0.47963651994881,-0.436564083015626,0.463410554336758,-0.412340049408927,1.16399989314445
"201818",-0.357931623936649,-0.0508563152146117,1.01901598120433,0.302096533212346,-0.767987355159972,-0.392662578525672
"202113",-0.108912348879122,-0.22628436136017,-0.129768615987915,0.86985466549769,-0.936484781631256,-0.666918135399072
"203923",-1.26519965421191,-0.0458956990020967,-1.26076266389204,-0.168886419306721,2.98205219823778,-0.761662256947471
"204016",1.51974025423148,0.675153703879505,0.408973218078035,1.94022868724886,0.240326534911572,0.506291177194477
"204319",-0.693475252702294,0.79287855933238,-0.466200418988117,1.86377516718653,-1.65954275861699,-0.12839555621846
"204420",-0.369728276254156,-0.891631741833342,2.54161279707851,1.3110665959054,-0.684879143131642,1.40260448008764
"204521",-0.336073172824732,-1.62230524118561,-1.15342239829838,0.647555872651797,0.0109912632886806,-0.980605217250887
"205119",1.25190785370932,-0.592339966965638,0.228609751795033,-0.0493999301642171,0.382714022845627,-0.0734766393735079
"205826",-0.183003158714564,-0.622359116891591,0.321952397303315,1.53944311528588,0.952461782649753,-0.824522243467376
"206525",-0.370661887518524,-1.07431392483017,-1.16637793705939,2.09098664516722,-0.443118554574933,0.0739408191398956
"206727",-1.33695752953829,-0.188715495811837,0.455164264034407,0.101403450401117,-1.57107138744438,0.487279825031369
"207123",-0.300195551089254,-1.56636760978623,-0.988685888755099,0.889454300586886,1.27417690629175,-0.503195624792486
"207426",-1.07279961825349,-1.61262287007801,1.40827025436317,-0.464944957288883,0.21607570922231,1.78637857279557
"208024",1.09989029623236,-0.170551530858747,-0.174497978268328,1.1770123583807,-0.0396746308445193,-0.332633282666763
"208125",-0.854546317457458,0.783596923022288,0.808655819944101,-0.696006114643584,0.635083939166046,0.248383750198266
"208327",-0.110381847546105,0.587763347249244,-0.379437025538696,0.0891717029336665,-0.720684075976525,-0.353746267811458
"209127",-0.177959742623062,0.496263585534896,-0.486039836722799,0.538439647256606,0.621535958248463,0.673768093302422
"209228",-1.22807964188431,0.105874667125738,-0.114954453158112,0.92734270200878,1.71481814233791,0.403722337122563
"209834",-1.69816272537708,1.81833871796426,-0.175564224012593,-1.58892025705229,-0.583926369422147,0.750473771549148
"209935",-1.39085549264839,0.948498070232227,1.56160238401941,1.49361902399583,0.11320420392167,-0.71431141254876
"210011",1.02936962269059,-0.908843611982339,0.00366479127662717,0.354333013578015,0.0996240132754318,-1.15119663401481
"210415",0.721059319061538,0.658272060886458,0.802664953631414,0.172324774145604,-1.19830067833192,0.220134392045042
"211114",0.329432129709861,-1.3496626874303,1.6803960028246,-0.885817407551652,1.13920727930651,0.749196457897877
"211316",-1.09424922814911,0.517284318064988,-0.706290391790744,1.80535051934888,1.24534141164389,0.2466099440645
"211417",2.09225283161948,0.122557578842395,-0.504077820304309,1.22792409062451,0.379948667155063,0.533640111215569
"211821",-0.757575417500201,0.296972385396988,0.338938430302767,0.705269396194352,-0.781680749024061,1.1524554794303
"211922",-0.430283959498643,2.05428535858578,0.709270241832375,-1.74839366054999,-0.293534443523137,-1.71891904099809
"212116",-0.393718063070176,-1.99245382234565,0.543325894132047,0.547438685458436,0.736891588953473,1.328368474677
"212217",-1.25208805922723,1.50922717875831,1.57273403524039,0.104990702287885,0.587910405331779,-1.56565043179742
"212419",0.84734979055122,0.370943352850163,-0.373579363342906,-0.721326993769531,-0.796599848698438,0.431676947764773
"212823",1.36030941746415,-1.17363272973157,-0.0340497987376547,0.206442369083312,-0.648760904802493,-0.0144427721769052
"214221",-2.39288906797562,-0.0107222295341615,-0.592253222246975,-0.41841031355906,1.64025394510392,0.428680082592833
"214524",-0.0578622527583184,0.705671552317785,0.104711872004148,-0.679011636623256,-1.30445605706512,-0.144430576806836
"214726",-2.00968198544845,0.175370647311998,-0.232105394557198,-0.458401686890593,0.295882535131158,-0.890557483088309
"217126",-0.436224655052022,1.06162519090181,-1.14382354589609,0.626436789712414,0.457771309011391,0.574558828965372
"217429",1.10597645679992,0.228312484786991,-0.973720025322743,0.847121504806245,0.423904256665266,-0.749089904965536
"219231",-0.403115965063493,-0.45365702313069,-1.41069970068698,0.414250676519677,1.64669115848255,1.99787388404989
"220721",-0.649272886444534,1.37974601083072,-0.70032656433222,1.49349942067226,1.3875611460231,-0.196029328332256
"221319",-0.420617686988001,0.942257264741434,-1.45116276604009,0.489783421256517,0.681284429227667,1.2094911461225
"223929",-1.03773221137953,-0.684379498634179,0.282095325070016,1.51765774798654,0.867290094949876,-0.549441705653301
"227432",0.729179026534695,0.257129535992404,-0.697606961851699,-0.857585896989112,0.540631053270286,-1.69754235447018
"228434",0.636860776736126,-0.606312592211468,-0.590239222908388,-0.273447788841464,-0.880474650744945,2.24757697614758
"233326",-0.22881222099322,-0.776700488154009,-0.846943852402212,-0.800721513030092,0.891922239407607,-1.27096284688048
"239944",-0.41162160519067,-1.45967502047731,-0.772572987002934,0.0814301616050584,0.615101156137429,-0.817929347574482
"245333",0.357792836731925,0.0587294630985343,-0.0724977055484852,0.080139659904984,-0.217150544103798,-1.41527197423545
"248339",-0.56489875418861,1.52371251950443,0.915067974293094,0.995304765849726,-0.375182914294988,-0.698726055433626
"251833",0.037948195656473,-0.273215930997183,0.00044425191417137,1.49388025263037,1.41934956518467,1.12425160994695
"255639",0.805730602195431,0.272156192701648,0.863081993997089,1.88121813745201,-0.597824139307034,-0.967341375842949
"255740",-0.266749932359002,1.5455242483423,0.16474730387824,-0.367143048184871,0.43147815333819,0.425137374944368
"256540",0.697576297761135,-0.897302205236298,0.812388623772669,-0.596001077269847,-0.788403182031163,0.989523761614394
"257845",1.45074518072687,-1.35940854426811,-0.782387757507849,0.383576806757028,-0.642923131847151,-0.467024876330346
"263436",0.817188867681762,1.17917167176353,-0.440072680479927,-0.546447419761562,-0.881151091521949,0.0452595928771151
"268749",1.25104031222193,-0.597042943902797,0.735014975734643,-0.631315593769701,-1.04747402956193,0.953607126777411
"268850",-0.83567088791011,-0.37226960713049,0.42520441851637,0.230437020806822,-1.54355463161391,2.39527139165958
"275645",0.246775260000258,0.59168408462773,0.426177690254425,-0.553818280941554,1.93265621313566,-2.62468937509085
"283543",1.39950838118834,0.489718046766205,0.269610654545779,0.198090039145115,-1.1699646700987,0.165914917243519
"285345",-0.0933543131712243,-1.60697576718368,0.187043902440223,0.352096183297172,1.10786575054565,0.923070116425533
"285446",-0.404160889190766,-0.453886369090005,-0.72881460853827,-1.18810218885384,0.903142741209416,1.32846787055454
"286650",1.03447687590295,0.271712990813325,1.69908525513062,0.215336853548268,0.274309816627367,0.120678902533076
"287248",0.73560656172271,-0.526610875118047,-0.266678868935087,-0.359897719315213,0.896935907516558,-0.153011403073803
"290136",-0.123253636771431,0.456467356100742,0.0226429131540624,0.362745339603516,-0.338477558330473,-0.0133517580914966
"295146",-2.02410741856038,-0.0225459207404356,-0.53283780238911,-1.30036570678457,-0.350949512598253,-0.684856067241791
"298455",-0.331589700181043,-0.138718023867333,-2.37809604099861,0.13460650705877,-0.205008807742475,0.161679294395611
"300618",-0.382668086677448,0.0901720313214197,0.118380708193801,0.341204583735578,0.152723741526208,1.67251662891593
"303119",-2.89611467873363,-0.059085017722465,-0.0600787353461459,0.981967311506271,-0.366934848582817,0.302676482847969
"303624",0.956964019501778,-0.96307851552338,0.13991391198157,-1.34066352955092,0.916012563866777,0.133952280432123
"304727",0.879944361131158,-0.75900576681876,-1.06619433567728,-0.719988777521714,0.213581897963002,0.0400200869132161
"305830",-0.296683335312529,0.057249773487277,1.43692899246176,0.92027429986389,0.311673614908295,0.323000899704562
"309636",1.08425949261555,0.350266423754186,-0.00135028433532622,0.62534586584947,0.635619091305967,0.0963911495013408
"311320",-2.31359841236513,1.20498467111711,0.706615409346401,-1.06314599019358,0.450592064771146,-0.833753863614717
"316633",0.739158424657474,1.34305378795748,-1.0466956233359,-1.00265115384418,-0.659994178478603,-0.295789862940439
"316835",-0.638297987821207,-0.863891903407084,-1.6415679625692,1.28958028879557,1.84106523303437,1.34001030817791
"318637",-0.663300174114043,-0.828466650341798,-1.1853803227026,-2.49303231445888,0.0444092165569903,0.701857112624613
"329844",0.270921849861866,-1.54569605606831,-0.503689475927762,-0.976997824070701,-0.348131076490697,0.413223285889609
"330324",-0.860240426656905,-0.965056575084163,0.517110085361171,-0.373708353654696,1.08972747797614,-2.35280072861858
"333330",-0.573853986532391,-1.09651168217343,-0.636610913049763,1.25912465261512,0.704282501020558,-0.862435681829841
"334635",-0.0803734691255676,1.06490108111686,-0.142539744300158,1.30936207681318,-0.527826266431724,1.02141121721701
"341834",0.815351123825769,-0.0476802665199227,-0.260605808030156,1.00194527359365,-0.341367244709868,0.596805505087966
"342129",-0.762652062587957,-0.848603721096967,-0.656388131678394,3.01861535674811,-0.425140603740152,0.382326918824576
"346137",1.60704420831882,0.336605652564998,0.377726883012278,-0.856433669544276,0.335712461696949,1.61480276320614
"346945",-3.18177138002022,-1.00269841388929,1.01611747027473,1.83563888018823,-1.03680013674964,0.0790320373760349
"348545",-2.73400890589395,1.87072897970242,-1.15417643634417,0.808615906906547,-1.09418362934457,-0.808500324019569
"349244",0.922728053207487,0.176595462346281,-0.143410683087335,0.0636352037523727,0.388138231593529,0.826791992413747
"352132",0.0456190970642803,-0.328680741888115,-0.679050747012473,2.11239076545559,0.0911778114052501,-3.35786070919483
"352738",1.06958624764243,0.241401581636028,-1.05245574878917,-0.918722568133092,-1.19591249636113,-0.792537474726185
"353740",0.30603837140516,-0.199167288827312,-1.07933088864795,-0.970312470717001,-2.75108119897674,-0.0333093821478185
"356948",0.631062367382021,-0.121234470791795,0.186367264490862,-0.225770524227111,-0.0173370038771533,-0.178036594626111
"358144",0.412683961032267,-0.893813581819646,2.89265619218667,0.0187859312205667,-0.456143411525101,1.23822538181033
"361941",0.0737408736794499,2.41139930462818,-0.853204241389542,-1.07199913454284,0.487821522631119,0.868606505016513
"365343",0.776961479532277,-0.893276065547852,-0.549304216681284,0.871005473776443,-0.0655328911198758,-1.17033621279489
"366042",0.181727433461092,0.831143382337764,-0.853331079430348,-1.07589100106232,0.0993105787099877,0.658320795662895
"368551",-0.174309214064803,-1.38220368932715,-0.248495829722861,0.306095543792123,0.283587661042688,-0.451608228740176
"377451",-0.0442785771477738,1.58644453819146,-1.66745800065194,-0.522508819757505,-0.0497176637441288,0.0601126992619018
"378857",0.345816987005177,-0.428481421404917,-0.981447810393893,0.355990514425025,0.840629519545381,0.757740533618784
"379657",0.380761135345835,1.70819991536144,-0.524435596545314,1.3677154648748,-0.104625624628036,1.15988611117871
"380036",-0.27044437208702,-0.97618174286516,-0.497807262595673,1.68123605924543,-0.256327239656419,-1.84465460029826
"381038",1.26740864689604,1.67764881843469,-0.457489864764609,0.719304937777941,-0.981962320961909,0.156118975987727
"381543",-2.19038439558948,-0.397768502775308,0.882900076065908,-0.0672439727769381,-2.46834995833892,1.23687952804289
"385450",-0.811442840344513,0.410047181474096,0.35686026948095,-0.579307450542714,2.17101273715731,0.588303379855625
"387959",0.295273175305473,0.267310267094001,0.251130124687139,-1.61005169522306,-0.0971745348596778,-1.47889008012472
"389357",-0.100055587588504,-0.232359829826561,0.866964736003846,-0.321591787988043,0.223994780591658,0.679889363222379
"392447",0.318120018344556,-1.08317258147645,-0.319469265663222,0.908680470904527,-0.667410989246992,1.10148405198471
"395958",1.13644993318375,-1.9047510156971,0.940398858634766,-0.403270423541022,0.836079694561084,0.588214143496461
"397154",0.112516923266167,0.225443857740787,-1.34747928746301,0.0152725355673242,0.195418036818642,0.410029693877486
"397760",1.55374832612715,0.747700099280455,0.643678750961193,0.560859152061208,0.169306484147551,0.415370225389281
"397861",-0.207478126746914,0.97942352535201,1.70718528240896,1.28880043343805,-1.05077379237529,-1.07459516817789
"406432",0.731102665704443,-1.60424744175477,1.38246740112265,-0.52819006043975,-0.0232398561027631,-0.0611587434968142
"406836",0.367676388685091,-1.86626256029977,1.44395461139102,-0.557342114121326,0.496206643936258,0.522709596007808
"412528",-0.209877943056284,-1.73936802389866,0.552553038119216,0.0125834920298379,-0.00703561744180847,0.570599230686876
"414229",-0.139144148266235,-0.343213522734183,0.818015015081303,-0.62249970860497,-1.5096738585021,-0.577812377562065
"422632",0.989562378681775,0.306571379120971,-0.435597412905351,-1.15092790688244,-0.910661242243451,1.17230180184844
"424939",-1.62926312532732,-0.050688439823891,-0.291302280752162,0.491363533843587,1.44891556124844,0.0711612735429794
"432332",-0.148883496029303,-0.7596774065931,1.76862327772231,0.198150012744245,-0.262956263056238,-1.40364893155312
"436239",1.07341237827903,0.631222070032191,-1.10153099499305,-0.40988304632485,-0.76634571825369,0.199493071394217
"436845",0.550176089688149,1.21761628571319,0.860036709115273,-0.322710927893258,-0.696301898302055,0.0852924564347139
"441939",-0.885222255828967,-0.476824252200997,-2.46826115924909,0.335903226346158,0.55816600828725,0.134838436896557
"445543",0.584531646633504,1.47877791208619,-0.599324945675868,1.77744228983426,-1.28548442815727,0.20817650138023
"456346",1.43495733846405,0.80221217828916,0.151424191233315,0.339349019979718,-0.208369701720761,1.46816354015263
"459453",0.877610865147707,0.686090452914539,-0.330059273402795,0.906588140883382,1.43383071556647,-1.10288088084449
"467351",0.700443537115655,-1.90223091330071,0.921419087599648,-0.666516739087231,0.219295983350068,-0.369226586517466
"475855",-0.953833132217377,-0.658173508219636,0.968594008997178,0.627803726187618,-2.00628109610628,0.343677906677972
"479762",1.9085248956302,0.668680683088846,-0.30745415682316,0.52413576676394,0.694305568197057,0.66940487103975
"481951",1.40886005468022,1.44883053452377,-1.3623903642837,0.0877428583672324,1.3323749320322,0.204000047226151
"485757",-0.159352114161746,-2.03111207411851,-0.560701440603825,0.568324839084744,-0.214979771486475,-0.567138741921054
"486759",1.39126838613015,-1.9253640882985,0.805839711865461,0.0891991979078944,1.03243798034325,0.762711226732925
"495255",1.13586983024002,0.783324283323986,-2.16215699897837,-0.375939339215853,-1.54647549159795,0.345671183930941
"497865",1.55503446767154,-0.766923127334427,-1.38213037720058,-1.13221647331524,-1.14768459040513,0.632348874286309
"500222",0.644260206724349,0.904036437352763,0.570481808877843,0.680671120894028,2.35390927286771,-0.986185932069901
"510225",0.802768916696506,-0.0338677646834579,-0.600453477244655,-0.223789795705052,1.25145880214875,-0.439101646406211
"512835",-0.457797352267893,1.2725977126797,-0.137267675325396,1.8048602132083,-0.984737544445897,-0.0419146655110056
"513736",1.001703239333,1.16438404508205,0.986815141167081,0.552141987273301,-0.547030820124752,0.696698228353734
"519950",0.113709463667476,0.914223668056535,-0.0499255490782026,1.40484747409987,0.490080595932985,0.286081854597172
"520228",-1.10313134665607,0.743744168643643,-1.53921459214286,-3.36319791692267,0.715855552525569,2.62833113001074
"523032",1.90728899553942,1.34884251924639,-0.719375717839931,0.438936830448157,0.782247316425655,0.320706506512465
"524135",0.106541949989441,1.55835229082972,-0.377527037694178,-3.42518186433006,2.5706847804123,-1.3681181559633
"525541",0.684482978982339,0.653267182839512,0.157971098831807,-0.948232008299213,0.287082613019549,0.437626056823897
"529549",-0.983040066253383,0.854137329411976,1.49276901200361,-0.678274128637017,-1.87292825430939,0.560223087119254
"529953",0.690185232139272,-1.15201367118791,1.99337525225375,-0.120146493661015,-0.64685230925335,-0.0540670229495426
"530635",0.694316525212271,-0.34141287436491,-1.01229253995386,0.105789930949825,-0.263420271840548,0.836646148607977
"531536",-0.235586374803679,0.119063160147784,-0.431709892436007,0.280810071949056,0.274127206521211,-0.654658693792662
"536647",0.427860566847151,-1.79021037646042,-1.3445602977882,1.12964554234453,-0.0760287416665437,0.313693259435622
"540436",0.473556038134673,1.10062081289962,0.563556969564345,-1.97828131624245,-0.949371479816621,-0.448548070793458
"541640",-0.191984980189089,-0.233865967112414,-0.110936953058779,-1.06271675374685,1.68977138904919,-0.738794500876969
"541943",0.762026569761984,0.935920730766012,1.47428413961185,0.161484432950221,-0.216737390047151,0.733438352301699
"545345",-2.2181365316848,-0.114413386004526,-0.8003690123769,-1.93557114976865,-0.726030788822031,1.33227021080744
"548250",-0.450792577929741,0.804147032415397,-0.0709504150803896,1.47850010486836,1.5374193476403,1.43206820804788
"555348",-0.324530024027592,-0.536974876877755,-1.04394406457537,-1.49106418436667,1.94568468854075,0.677317045940641
"557857",-1.19699919518328,1.31138448741089,0.382396369881821,0.778282702436435,2.28105514463651,1.59103586285151
"561242",0.71694983760721,0.870610854551864,0.760208139046217,0.661885772683231,-0.69382509431908,-0.321299273820489
"562345",0.572727907259045,0.125861845762666,0.0620618801056431,0.112211678556191,-1.27377273557687,-0.640944977517615
"565452",-0.344174216892504,-0.533273682544356,0.318577900786427,-0.0693402338749723,-1.87315918432344,0.823205130965956
"566454",-2.5446499961646,-0.900292942704785,-0.0127139515049526,-1.03385591520174,1.39906974441955,0.107410652928031
"567052",1.80884052570281,0.930124770038041,0.36998197056747,1.64915942001141,1.01908454135051,-0.118352363645863
"567961",0.809164803990835,1.72459276679585,-0.0164761670148899,-0.144540756164335,-1.90066403779589,0.0307561451510139
"570243",-3.13792510435873,1.39546676443804,0.669641884426205,-0.763823401332234,-1.79345425001537,0.759427113287974
"573249",-0.183679744971595,0.833484708520508,0.0220125917290658,-1.92502753387956,-1.18647916648013,-0.390074370591779
"573451",0.459835823243907,-0.402722926689137,2.34059243108413,-0.172882252054856,0.0355899251100398,-0.554211506777033
"579867",0.753823825993222,-0.560322167553133,-0.287062666408211,1.32252291706039,1.56663346976663,-1.62119490981385
"580044",-0.361040622085766,0.751447346545859,0.527048077709074,-0.301167879556875,-0.170773937271928,0.439047690987205
"580650",-0.406090251408154,1.42008390080617,0.563266794016937,0.367580646806131,0.142259218783657,-0.353125832113945
"580751",0.834938748000114,0.11417582629072,0.619709222617573,-1.55498728683986,1.47635407761215,0.148011637088911
"581349",-3.27311182483123,1.83904121030279,0.301572857378579,-1.09762637230259,-0.40675207497021,-0.674132792902155
"581450",-0.896995908311771,-1.03646408381525,1.35783554462437,-0.865377533067299,-0.397916211076796,2.31464890118052
"583858",-0.464604652783608,-1.15421209673894,-0.362688048791112,1.57468106986879,-2.38185415523832,-2.22053679109983
"585862",0.360479623754125,-1.27966720307833,1.05829416440986,-0.810261989966139,-0.531577037478645,0.441175358424026
"586460",0.165957615387477,-1.5447722090581,-0.77304414885934,0.313723426425031,0.419244556676157,-0.229595215932912
"587664",0.0027772066625906,-0.0898419961497008,0.321921275618589,0.575786539092309,0.0571082628687904,0.642504547382332
"588565",0.0239833676003428,1.34250654553302,1.4690696854045,0.483776686921422,-0.514659077414109,-0.884747159476996
"592455",0.289157084281734,0.281472478572964,1.96341673046593,-0.474199829512928,-0.130114950096712,-1.14377024062475
"594156",-0.29760375949616,-0.107405394408987,0.785104640755792,-0.894803435370246,1.79687477935353,-0.296556802087999
"599065",0.565892960479813,-1.27513871820094,-0.433560351128469,0.549150578507919,0.844571750741194,0.95907825918622
"599671",-0.573589840206935,-0.191142952257331,0.94011528569462,0.17523389323163,2.55729292372432,0.309378887740503
"601127",0.878843557592559,2.05958016175913,1.25884770357543,-2.35261682939648,0.80530479559872,1.25544129349216
"611938",-0.617376535721537,-1.31982173265576,-0.499136340534448,0.704681905043236,1.25823165517752,1.49782210934817
"613538",-0.182756257555773,-2.0876692752,0.424207477751378,1.7476295504145,0.214237358135392,-0.192567268293533
"615744",-0.110672120605744,-0.853073450229016,-1.76498242511846,0.691359336443429,-2.29275786220899,-0.702518467476792
"620434",-0.120188002743626,0.714114518282124,0.103310950097355,0.77206521098761,-0.206859445031706,-0.3406259533413
"623844",-2.34006054389141,0.205281095388193,0.145297586269325,0.377526644531602,-0.194802801650011,-0.900326143196087
"626648",0.295693281016315,0.224525921273071,1.17867940421831,-1.51455215586496,-0.688754134207427,0.770424338930212
"627852",-0.574846949771781,-0.00377057180501586,0.0297983989262085,1.96862628477237,-0.11583143585495,0.138677245028758
"633847",1.35197846319241,-0.865308382899735,-0.659177931968899,-0.55101982907967,-0.525465491185227,1.62437321052734
"645551",0.52787784570285,-1.13974867136053,2.27506938581443,0.718642241746253,-0.442030338127859,0.515235064464199
"654350",-0.185568881505075,-1.25318914689436,-0.297155109261131,0.447456839788679,-1.14136192993836,0.0136200565565048
"656253",0.301074097764205,-0.176552802292582,0.533054831284407,-0.852915939934921,-0.950293014562093,-1.75275956001762
"660951",-0.472539244941597,-1.022005651705,-0.905923043210665,-1.39792807343073,0.563583389280717,0.123342057770999
"667056",1.03756567692311,-0.0014660452273008,0.091545248210974,0.616145592078398,0.0988334582343617,1.27125973161687
"668361",-0.0165918496988156,0.636933220665129,1.04134397298064,0.0769912915368777,0.186610561414478,0.27598073640061
"671855",-0.990433296273099,-0.202062105259852,-0.180476595635126,-0.534764997295971,-0.475059287345735,0.689619557184148
"673455",0.659126786400537,-0.648220148561948,-0.959051892526813,-0.609853822018545,0.598486571334154,-0.64502420308894
"677766",-0.145298105742935,1.5552598804235,-1.54784238673455,1.46049031351811,-0.112750602497772,1.04122794817011
"679770",1.36444616903526,-0.137622376398189,0.531897841419305,-0.578658111309124,-0.685579667540254,0.974251393053706
"680250",0.199843958086047,0.641316686539149,1.91170465368219,-0.042999534571534,-0.0602730356502251,-0.310824353866636
"683256",0.796931833090422,-1.35093434739507,-0.953786610287269,-0.209252413843851,-0.922393871556031,-0.356738745361439
"687163",-0.497705117241759,-0.121291989963549,-1.08255654886533,0.665822318640456,-0.875580037116874,-0.0946322085087598
"690152",1.14017170910764,0.112028228956911,0.298190319116299,-0.224974410895106,1.32925475867487,-0.368587938692511
"695768",-0.688749978140645,0.953934202418793,-0.0042781882703854,-0.159551358456585,0.389766753804782,1.15199957161601
"700634",-1.0969042811484,-0.181191062829545,-0.709942526612783,0.887152852582602,-1.00207646746033,-1.08406896541915
"704238",0.463492002062727,0.676846770633077,0.676998434881407,0.470074413957263,0.742458882966096,0.587663186847227
"705341",-0.359607791744499,-0.768258935160247,-1.30440347112442,0.306970578287902,-0.243031889129299,1.07114737987494
"707749",-0.661260259154818,1.66452312165865,1.13562199673246,1.19487506164599,-1.32959940214249,-1.47654263971662
"713239",0.830758993461328,-0.246755163435305,-0.584451441413123,0.461002032190933,1.05772048033193,-0.888533382304431
"715041",-0.935804837628151,-1.60482954184164,-0.70106252406936,2.40948757616943,0.83990374344671,0.97124591757127
"720337",1.40780489337951,0.106882205774952,0.000120508265668701,0.806150463764738,0.512167552477941,-0.651630564056371
"725751",0.888709774887622,-0.8715540444346,2.59960499311135,-0.374340105003906,-0.379338460894761,1.12926034087366
"727553",-0.773654513147353,-0.248983245335421,-2.1614828985787,-1.07884743217099,1.11167231703565,-0.462245402316559
"729254",1.07138271449836,2.83424845052089,-0.693900723209425,-0.145457470120727,0.773173292896118,-1.70922214653743
"735148",-0.554170728228008,0.199054398779126,-0.81132376873532,0.763894766353659,-0.176716755188839,-0.0568094486957336
"737960",-0.75818231079875,1.90357810659098,-0.0643769485968524,0.825476577264339,0.720832814341815,0.152738872767058
"742549",0.322669458312381,0.56565987612178,-2.24873303639862,1.07344483055755,1.15573894883743,1.36275226044168
"748662",1.36770337150862,0.781315065767994,0.523617204786565,0.747879650400287,-1.12606820064924,1.30734138171659
"749361",0.474563927812473,1.56579029555486,0.963612360248908,0.0364505777036981,-0.826995899176712,-0.389620993163729
"751348",-0.764995289100926,-0.71024658498499,-0.669965116110338,0.415813544220043,-0.405066138231379,1.02284780685142
"753251",1.00764987664955,-1.58794550083589,0.814028237037295,1.51488812821791,0.512253089008955,-1.52970926986516
"756055",-0.433820616909388,-0.114239596524736,-0.904846889389709,0.336958291835398,-0.687876590424947,-1.50374612181314
"759869",-0.135045963220589,-1.09315843126251,-0.479464795797889,-0.533508322537033,-0.676673132038757,-0.758774801445409
"761957",-0.932882928307441,0.450155933552736,-0.67162940034593,0.366305061825385,-0.682016726087266,-0.882169107349452
"765056",-1.22771905597554,0.636375647671298,-1.03677790098687,-0.114687462754821,-0.626294582215366,0.130498093575439
"769064",-0.915378802207856,-0.523773994473221,0.23396691713723,0.374910270726615,0.143184273742095,1.32925931141986
"773257",1.13327252830964,-0.236602107028614,-1.32465682927429,1.32278503470587,0.135503887460887,0.372089460480505
"782561",-0.740165835118834,-0.448493353643589,1.62177302281237,-0.270201580542425,-0.860944452804378,0.419432230862071
"784565",-0.607471013950056,0.139199834772389,-1.32765491004397,-0.157334228927772,0.666241636987633,0.249301705888403
"789373",-0.75939377486019,-0.282499552249518,1.3529756762791,-0.283207055737276,-0.764982578928832,-0.399397206779593
"793465",1.20625600887772,-0.54644414876416,-1.39431914011951,-0.157368976393503,-0.327602523178498,-1.30393808392381
"800941",-1.5335424784904,0.0335817907780308,0.0812727375410009,-0.461584532135458,-0.151188849170178,0.0698882990099358
"802844",-2.03105995862788,-1.21556114147004,1.91334813975563,1.51377303545345,0.202330395869824,1.23257901604435
"803240",0.25616827730521,-0.275989645207616,-1.30895087934143,-1.78366337741448,-1.31132255749951,-2.4587588140675
"814649",-0.548324582120492,-1.07798394686613,-1.13503907147824,0.505869505675451,0.840640030249381,0.256690200919226
"816653",0.930920601793398,0.223428454009662,0.0816606338727562,0.851807081314849,-0.353143389607287,-0.353480872944661
"820745",1.13508569732295,0.998176349952124,0.967730617222816,0.527589058338678,-0.723937665459919,-0.431583793672788
"825048",0.367027831030788,-0.24586672296368,-0.127746887426569,1.00216080617096,1.20164475518384,0.503073671980204
"826454",0.118690349092133,-0.501741288042908,-0.745472568904111,-2.20606023127592,-0.0271379180241358,-0.59084297746575
"833148",0.716716083678652,0.724479466377669,1.2206054115873,-0.388115296930705,0.153445791346207,-0.675502098829707
"833249",0.549395827115867,0.521206704686166,0.467153627328416,0.923349675211174,-0.795199286873419,-1.18790924522872
"837560",0.78815016539837,1.50652336295991,0.772929245828091,1.80520626829888,0.804274911142178,0.313334899417762
"837964",1.00948407901296,0.448913965520327,-2.94081917255865,1.11235303560805,1.33384860376473,0.295301472495135
"841349",-1.03983421899269,0.302205566452746,4.02572301309717e-05,1.40859597937932,-0.16610805482971,0.438551782604151
"845458",-1.11635726302538,0.232191017232325,-0.350773779047867,0.700633270477666,-1.35797950883863,0.610518434869449
"849264",-3.2269883540064,-0.475947149249363,0.855043329766503,0.0199154879002281,-0.180519128496127,0.364314323561248
"849971",0.42581242177924,-0.752565539579331,0.664799475931175,-1.64634055242169,1.92608393508166,-0.81788620062463
"852455",-0.980854468602342,1.7440197058421,0.0188481338125315,-0.674144212375952,2.52879331662242,-1.01167102167038
"856968",0.977086605154787,0.541879638506478,-0.0913326136712543,1.74925465037749,-1.22817159447525,-0.320045781771908
"857263",0.750491141253049,-0.0734099061025245,3.01423241005871,-0.550339203363594,0.191386852904761,1.05069151553086
"859671",-0.166197881285229,-0.203736314148684,-0.452249738876538,0.407881209894271,0.337716105924264,0.712682410061619
"867468",1.75237263846827,0.757281500364791,-0.438509693996304,1.57027028149522,-0.991371515823202,-0.619463136344848
"870861",-0.333106455827416,-0.0481085508433264,-0.609790684004176,-0.600437298676074,-0.158025176389856,0.0424679170514805
"871762",0.364991061178265,-1.18250948607389,0.281769390314746,0.744839200331758,0.984186566441255,1.80279928291722
"871964",1.37678958174825,0.771515663903234,0.568756815620965,0.131344617098978,0.678086343746206,0.175694787141707
"872158",0.453570050647717,0.550669348146338,-0.00423249139940987,0.339542753071191,-0.468950268013311,-1.35695680253919
"872562",0.873406648996806,0.357553113274032,0.449272876192282,0.223733501073279,-0.437361174266915,0.298420397339778
"873968",0.318856531421171,-0.288497661697866,-0.192857497352238,-1.32655341080305,0.716159949853225,-0.454076637284765
"877269",-0.200567953714752,1.01046071901818,0.950384384032544,-1.73863242501734,0.782894800354578,-0.857676628049755
"878776",-0.00388100177613043,-0.1787952327853,0.731671548606974,1.79592360644313,-0.205977367327547,-0.605245769577572
"878877",0.459983211133601,0.350755223631574,2.18540380170503,-0.679251362711129,-0.184513407522873,-0.31898075320869
"882161",-1.18636048291667,-0.504764645569037,0.949958469411697,-0.18950991177523,0.485564018930627,0.695018287192757
"891667",1.14814822804398,0.4922835283277,1.63454584601413,-0.429803583969662,-1.43951700240223,1.07953417648359
"894067",1.43112473005037,-0.323848681177466,-1.72048958015679,-0.282493706074477,-0.287954844040811,-0.849568972715716
"894673",0.0931173324548479,-0.993860404779414,-1.10592284601495,-0.272864974842519,0.450453524851283,1.61564874811138
"894774",0.757063343958779,-1.89371113403462,0.991207223853729,-0.788848615671801,0.375248304628497,-0.066906724096749
"896879",-2.32350146483452,-0.858883689439352,-0.173645391335012,-0.531231123546366,-0.798938519030067,-0.192831122158168
"898176",0.254185780945446,0.474667243027902,-0.0592632410275906,-0.257932436638287,-0.106573434639692,0.161617944636942
"899885",-2.15746006282173,0.403134160760966,-0.228900774262381,0.492404780002953,-0.853298756910693,0.0156218610161239
"901038",-1.32715380989287,-0.0713527189404994,-1.68943874986569,0.64471104199052,-1.90324105073097,-0.872220550192317
"901442",0.259194024183983,-0.599227902440495,-0.237686297104518,-1.31082093173454,-2.21273355340381,-0.347414063825489
"907656",-2.43429011813963,0.35159083813538,1.70572397042753,0.0428285913334242,-0.605683677948432,0.30724422950492
"910241",0.000349340465588377,0.677938932342519,0.838807153781779,-0.997037327299398,0.315330730451432,-0.159340819048774
"912447",-1.14928143119991,1.38043514279248,0.349614974938321,-0.635301251570595,0.791304025670711,2.64904275470809
"917255",0.248879149081175,-0.0774582423973198,0.116664122388791,-1.3465760824813,-0.218962147015555,-1.88196201447288
"922854",-0.533425198995799,-1.41006479215037,-0.256010208957399,-1.27466477996737,0.372436207145506,-0.478484633881051
"923755",-1.6035839115347,-0.887070176385229,-0.263267022800875,1.20443431070562,0.439951330190944,-1.69161383501349
"926862",-0.829610668696871,-0.425228157312232,-1.0496998070611,-0.43654976767255,-0.707341081112235,-0.250197601211159
"930449",1.03411899780944,-0.241019662083629,0.10488310493388,0.487650965167373,-0.69015655599178,0.362037653987893
"932554",-0.948577788961219,0.235271098763163,1.6452258430972,-0.463193537751028,-0.503292063664154,0.005591372473505
"942658",0.778281010452051,-0.458114294860172,-1.17552364594129,-0.510430962940024,0.438432911411029,1.0618997142412
"947668",1.19846637017129,2.37281577151346,0.769728379108687,0.855693632346637,-0.115196690762434,0.619045769188529
"951457",0.560761328018898,-0.109215362780641,0.0475311186421947,0.759914444126128,1.81801517356197,-1.50728857696682
"952863",0.578858726272719,0.533822729513056,-0.269553433532719,-0.740637899236703,-0.311144136350931,-0.295534517978975
"955465",-1.03191819388132,-0.0294296373527634,1.03592942951954,-0.00704938835837671,-0.183050618310156,0.0338638336454056
"959574",0.763153129684231,0.606236650108665,-0.519180961843393,-0.379161975344536,-0.169226786315341,-0.303484595519838
"965771",-1.19425824798616,0.111018059476717,1.09944499101582,-0.785214261515563,-1.68270005742804,1.25119151010613
"971160",1.68257261106573,1.82728705374921,-0.145803340624365,-0.122671631188028,-0.388389011056385,0.662608887158544
"978578",-0.293469905379992,1.26139447673658,0.702200682240903,0.157360283321498,-0.44862505591214,0.691707795107972
"979984",0.0480015822767757,0.621876560240569,-1.70858064665523,0.805542808975347,-0.264327618801675,2.15604319049202
"983773",0.334981412453062,0.998300844259875,0.258074464962385,1.44098931303964,-1.58300808031821,-0.100185642130878
"990366",0.607711566595329,0.141223276902743,0.805745911897222,0.721669322010279,0.637778078516058,0.0908445279582727
"991267",-1.11954928768162,0.0118882751387401,-0.0323135589014956,-0.141976357930302,1.4371559742215,-0.289436285730978
"993675",0.64895051894122,0.42010718672573,0.0479044760676904,-0.0852548799852843,0.441767794485032,-0.471946913677411
"996782",-0.901489726890167,-0.148394253432142,-0.267384866795306,-0.532220784401212,-0.707155038145842,-0.784936206610814
