"Subject","Gender"
100307,"F"
100408,"M"
100610,"M"
101006,"F"
101309,"M"
101915,"F"
102008,"M"
102311,"F"
102513,"M"
102816,"F"
103111,"M"
103414,"F"
103515,"F"
103818,"F"
104012,"F"
104416,"F"
104820,"F"
105014,"F"
105115,"M"
105216,"M"
105923,"F"
106319,"M"
106521,"F"
107018,"F"
107321,"F"
107422,"M"
107725,"F"
108121,"F"
108222,"M"
108525,"M"
108828,"M"
109123,"M"
109325,"M"
110411,"M"
111009,"F"
111413,"F"
111514,"M"
112516,"F"
112920,"M"
113215,"F"
113619,"F"
113922,"M"
114217,"F"
114318,"F"
114419,"M"
114621,"M"
114823,"F"
115017,"F"
115219,"M"
115320,"F"
115825,"M"
116524,"M"
117122,"F"
117324,"F"
117930,"F"
118023,"F"
118124,"F"
118225,"M"
118730,"M"
118932,"M"
120111,"F"
120212,"F"
120717,"F"
121416,"M"
121618,"M"
121921,"M"
122317,"M"
122822,"F"
123117,"M"
123420,"F"
123521,"M"
123723,"F"
123925,"F"
124220,"M"
124624,"F"
124826,"F"
125525,"F"
126325,"F"
126628,"M"
127226,"M"
127630,"F"
127731,"F"
127832,"F"
127933,"M"
128127,"F"
128632,"F"
128935,"M"
129028,"M"
129129,"F"
129331,"F"
130013,"M"
130114,"M"
130316,"F"
130417,"M"
130619,"F"
130821,"F"
130922,"F"
131217,"F"
131419,"F"
131722,"F"
131924,"M"
132017,"F"
133019,"F"
133625,"M"
133827,"M"
133928,"M"
134324,"M"
134425,"F"
135225,"F"
135528,"F"
135730,"M"
135932,"F"
136227,"M"
136732,"F"
136833,"M"
137027,"M"
137128,"F"
137229,"M"
137633,"F"
137936,"M"
138231,"F"
138534,"M"
139839,"M"
140824,"M"
140925,"F"
141119,"M"
141422,"F"
142828,"M"
143325,"F"
144428,"M"
144731,"F"
144832,"F"
145834,"F"
146331,"F"
146432,"M"
146937,"F"
147636,"F"
148032,"F"
148133,"F"
148335,"F"
148941,"M"
149236,"F"
149337,"M"
149539,"M"
149741,"M"
149842,"F"
150726,"M"
151223,"F"
151324,"M"
151425,"F"
151526,"M"
151627,"F"
151829,"F"
152225,"M"
152831,"M"
153025,"F"
153429,"M"
153631,"F"
153833,"F"
154229,"F"
154330,"M"
154431,"F"
154532,"M"
154734,"M"
154835,"F"
154936,"M"
155938,"M"
156233,"F"
156334,"F"
156637,"M"
157336,"F"
157437,"F"
157942,"F"
158035,"F"
158136,"M"
158338,"M"
158540,"M"
159138,"M"
159239,"F"
159340,"M"
159441,"F"
160123,"M"
160729,"F"
161327,"F"
161731,"F"
162026,"F"
162228,"M"
162329,"F"
162935,"M"
163129,"M"
163331,"M"
163836,"F"
164030,"M"
164131,"M"
164636,"M"
164939,"F"
165032,"M"
165638,"M"
165840,"M"
166640,"M"
167036,"F"
167743,"F"
168240,"M"
168341,"M"
169040,"M"
169343,"F"
169444,"F"
171330,"M"
171532,"F"
171633,"M"
172029,"M"
172130,"M"
172332,"F"
172534,"F"
172938,"F"
173334,"M"
173435,"F"
173536,"F"
173637,"F"
173940,"F"
174437,"F"
174841,"M"
175237,"F"
175338,"F"
175439,"F"
175540,"M"
175742,"F"
176037,"F"
176542,"F"
177645,"F"
178142,"F"
178243,"M"
178748,"M"
178950,"M"
179245,"F"
179346,"F"
180129,"F"
180432,"F"
180735,"F"
180937,"M"
181636,"F"
182436,"F"
182739,"F"
183034,"M"
185139,"F"
185341,"F"
185442,"M"
185846,"M"
185947,"F"
186141,"M"
186444,"F"
187143,"M"
187345,"F"
187547,"F"
187850,"M"
188347,"F"
188549,"M"
188751,"M"
189349,"F"
189450,"M"
190031,"F"
191033,"F"
191235,"M"
191336,"M"
191437,"F"
192035,"F"
192439,"F"
192540,"F"
192641,"F"
192843,"M"
193239,"F"
194140,"F"
194645,"M"
194746,"M"
195041,"F"
195445,"F"
195647,"F"
195950,"M"
196144,"F"
196750,"F"
197348,"F"
197550,"F"
198350,"M"
198451,"M"
198653,"M"
198855,"M"
199150,"F"
199251,"F"
199453,"M"
200008,"F"
200109,"F"
200311,"M"
200614,"F"
201111,"M"
201414,"F"
201818,"F"
202113,"F"
203923,"F"
204016,"F"
204319,"F"
204420,"F"
204521,"F"
204622,"F"
205119,"M"
205220,"F"
205725,"F"
205826,"M"
206525,"M"
206727,"M"
207123,"M"
207426,"M"
208024,"F"
208125,"F"
208226,"F"
208327,"M"
209127,"F"
209228,"F"
209834,"F"
209935,"M"
210011,"M"
210415,"F"
210617,"F"
211114,"F"
211316,"F"
211417,"M"
211821,"M"
211922,"F"
212116,"M"
212217,"F"
212318,"F"
212419,"F"
212823,"M"
214019,"F"
214221,"F"
214423,"M"
214524,"M"
214726,"M"
217126,"M"
217429,"F"
219231,"M"
220721,"M"
221319,"F"
223929,"M"
227432,"M"
228434,"F"
233326,"M"
239136,"F"
239944,"F"
245333,"F"
246133,"F"
248339,"M"
249947,"F"
250427,"F"
250932,"F"
251833,"M"
255639,"F"
255740,"F"
256540,"F"
257845,"M"
263436,"F"
268749,"M"
268850,"F"
275645,"M"
283543,"M"
285345,"F"
285446,"M"
286650,"M"
287248,"F"
289555,"F"
290136,"F"
293748,"F"
295146,"F"
298051,"F"
298455,"M"
300618,"M"
303119,"F"
303624,"M"
304020,"M"
304727,"F"
305830,"F"
307127,"F"
309636,"F"
310621,"F"
311320,"M"
316633,"F"
316835,"F"
318637,"M"
320826,"F"
322224,"F"
329440,"M"
329844,"M"
330324,"M"
333330,"F"
334635,"F"
341834,"M"
342129,"M"
346137,"M"
346945,"F"
348545,"M"
349244,"M"
352132,"M"
352738,"M"
353740,"M"
356948,"F"
358144,"F"
361941,"M"
365343,"F"
366042,"F"
366446,"M"
368551,"M"
371843,"F"
377451,"F"
378857,"F"
379657,"F"
380036,"M"
381038,"F"
381543,"F"
385450,"M"
387959,"M"
389357,"F"
390645,"F"
392447,"M"
395958,"M"
397154,"F"
397760,"M"
397861,"M"
406432,"M"
406836,"F"
412528,"F"
414229,"M"
422632,"F"
424939,"M"
429040,"F"
432332,"F"
436239,"F"
436845,"F"
441939,"F"
445543,"M"
448347,"M"
456346,"F"
459453,"F"
467351,"M"
475855,"F"
479762,"M"
481951,"F"
485757,"F"
486759,"M"
495255,"M"
497865,"M"
499566,"F"
500222,"F"
510225,"F"
512835,"M"
513736,"F"
519950,"F"
520228,"M"
523032,"M"
524135,"M"
525541,"F"
529549,"F"
529953,"M"
530635,"M"
531536,"M"
536647,"F"
540436,"M"
541640,"M"
541943,"F"
545345,"M"
547046,"F"
548250,"M"
555348,"F"
557857,"M"
559053,"F"
561242,"F"
562345,"F"
562446,"F"
565452,"F"
566454,"F"
567052,"M"
567961,"F"
568963,"F"
570243,"F"
571144,"M"
572045,"F"
573249,"M"
573451,"M"
579665,"F"
579867,"F"
580044,"F"
580650,"F"
580751,"M"
581349,"M"
581450,"M"
583858,"M"
585862,"F"
586460,"F"
587664,"F"
588565,"M"
592455,"M"
594156,"M"
598568,"M"
599065,"M"
599671,"M"
601127,"M"
611938,"M"
613538,"F"
615744,"F"
620434,"F"
623844,"M"
626648,"F"
627852,"M"
633847,"F"
638049,"F"
645450,"F"
645551,"F"
654350,"F"
654754,"F"
656253,"M"
660951,"F"
665254,"F"
667056,"M"
668361,"M"
671855,"M"
672756,"M"
673455,"F"
677766,"M"
677968,"F"
679568,"F"
679770,"M"
680250,"F"
680957,"F"
683256,"F"
685058,"M"
687163,"M"
690152,"M"
695768,"M"
700634,"M"
702133,"F"
704238,"M"
705341,"M"
707749,"M"
713239,"F"
715041,"F"
715647,"F"
715950,"F"
720337,"M"
725751,"M"
727553,"F"
727654,"F"
729254,"M"
729557,"F"
732243,"F"
735148,"M"
737960,"F"
742549,"M"
748258,"F"
748662,"F"
749361,"F"
751348,"M"
753251,"M"
756055,"M"
759869,"M"
761957,"F"
765056,"M"
769064,"M"
770352,"F"
773257,"M"
782561,"F"
784565,"F"
788876,"F"
789373,"M"
792564,"F"
793465,"M"
800941,"M"
802844,"F"
803240,"M"
814649,"M"
816653,"F"
820745,"M"
825048,"F"
826353,"F"
826454,"F"
833148,"M"
833249,"F"
837560,"M"
837964,"F"
841349,"F"
844961,"F"
845458,"F"
849264,"F"
849971,"M"
852455,"F"
856766,"F"
856968,"M"
857263,"M"
859671,"F"
861456,"F"
865363,"M"
867468,"M"
870861,"M"
871762,"M"
871964,"M"
872158,"F"
872562,"F"
873968,"F"
877168,"F"
877269,"F"
878776,"M"
878877,"M"
882161,"F"
884064,"F"
885975,"F"
887373,"F"
889579,"M"
891667,"M"
894067,"M"
894673,"F"
894774,"M"
896778,"F"
896879,"M"
898176,"M"
899885,"F"
901038,"M"
901139,"F"
901442,"F"
904044,"F"
907656,"F"
910241,"M"
912447,"M"
917255,"M"
922854,"M"
923755,"F"
926862,"M"
930449,"F"
932554,"M"
937160,"M"
942658,"M"
947668,"F"
951457,"F"
952863,"F"
955465,"M"
959574,"F"
965771,"M"
971160,"M"
978578,"F"
979984,"F"
983773,"M"
984472,"F"
990366,"M"
991267,"M"
992774,"M"
993675,"F"
996782,"F"
