"","GRCCA1","GRCCA2","GRCCA3","GRCCA4","GRCCA5","GRCCA6"
"100307",0.165938209082928,0.973205418726515,1.74082521207281,0.0519482431757873,0.664383902095949,0.442281473330589
"100408",0.00325865304235905,0.496587451677584,-1.63595859305077,-0.0303971675144058,0.400304603053842,-0.107307952850286
"100610",-1.14911016270699,0.0703816606141607,0.626723721673605,0.324679162621039,-0.50054506113328,-0.0237891597919139
"101309",-0.255227489494995,-0.794926945327967,-1.15834162257837,-0.639536760542298,1.12811866469269,1.06062725683069
"101915",0.562688128422362,-0.592674004694778,-1.85374344648153,0.275632737410513,0.33421866952913,0.080916493727975
"102008",-0.569000751822741,-0.0848150896168695,-1.74823418862142,1.03541969056295,-0.750452643305431,-0.70283760504055
"102311",0.0264250359487153,-0.00801481656876932,1.03073526255207,0.489124002553507,2.02809700988524,-0.257402332352638
"102513",-0.388019978227345,-0.178692676179336,-1.70414447717588,-0.319456888816825,0.760503115154895,-1.31669882565208
"103414",-0.67285936867072,-0.266744664014485,0.323857750847638,0.0202192711750052,-0.253799427478763,0.435290196029517
"103515",2.81823811681651,-0.304873160676486,0.38771551549443,-0.787078468207134,-2.1762965940976,-2.00416251485219
"104012",0.0438388896031032,0.0366015676565205,-0.237798304654674,-0.435633284752092,0.599322314768246,0.797867563378884
"104416",-1.12146614470232,-0.150298469166327,-0.830670554703624,-1.28997254460956,0.340212900196486,0.176338685771314
"105115",0.475047606886118,0.493314562213886,-0.0141620978635889,0.407461678145775,0.664956675567443,-1.06388587555581
"105216",-0.60147029860029,1.14461143651788,-0.401083183675228,0.031237107636568,0.312878108739223,-0.553245865244826
"105923",0.661474201854409,-0.452087817565722,-0.739658073872809,0.330760021642048,-0.411012582198086,1.15358102230692
"106319",-1.18649534796023,1.93342951125673,0.0864658179076126,-0.125031472225926,1.19977185760018,-1.13010009560875
"107018",-1.02258909193613,-0.723403444375163,-0.305421815857097,-0.477837634474413,-0.267517959711663,-0.569172879115478
"107321",0.607346767292595,-0.533716087463948,-1.2300854728877,0.443041996255331,-0.402266996491396,-0.341424892596603
"107422",-1.2380590025793,0.132397249628727,0.19841920026363,-0.819845833544235,-0.412450562935927,1.48541066787933
"107725",-0.806888398414072,1.25453306965652,0.0403215109058997,-0.261202364879794,0.0360821184982938,-0.176629887326631
"108121",-0.480261989949289,0.240417519307716,0.784308702134499,0.477375375886209,0.00615209034877839,-0.71023950088316
"108222",0.0842704749285127,0.453902261549872,-0.794874750486999,-0.698992457164196,0.201480949158567,1.00872616049428
"108525",0.228676074461444,-0.551712163699856,-1.75766702837219,0.128919742548223,1.308661754611,-1.04274152450242
"108828",1.31043936404433,2.80226800782266,0.732899189172286,0.373535850573937,-0.849783633499651,-0.0729217835342557
"109123",1.79312508580059,0.00811277120399272,0.259074479750983,0.154944684342317,-0.429245919810672,-0.0258312428413617
"109325",-0.786000189105556,-1.30706549695828,-0.200498051592878,2.22657295372263,-0.645379679254827,-0.0688485023034466
"111009",-0.645413228465016,0.55986038946329,0.475590996878694,-1.73258746700755,-0.470300386668958,-0.138082677747596
"111413",-0.120719514800839,1.33262409070747,1.55018700381218,0.284409170216431,0.16155501840654,-1.29031107923581
"111514",0.757036562434463,-1.30892323440318,0.346166794626666,0.485758383332568,-1.5599450410684,0.488007685785944
"112920",0.435473716942791,-0.256249917090299,1.54213576028251,-0.867832367939552,1.38672450301399,-0.716073525542491
"113619",-1.25599612826739,0.224371891661488,-1.1237928132354,-1.4542321647791,0.54481039185965,-0.300867504235397
"113922",0.373873395486647,-0.159634917002642,1.1664701840416,-1.51439300809138,-0.037738376551318,0.330773939553617
"114217",-0.548391702971443,-2.10259420365671,0.142848368926424,-0.47206448011565,0.956557453897894,-0.179885426002634
"114318",-1.29526964428813,0.83809165978406,-0.650887188664611,0.0488322050123883,-0.859863701881111,-0.0200848552992301
"114419",-0.535027795615631,-0.717552510176339,0.341170687506722,-0.962867025491747,-2.9418701435303,0.559624724567182
"114621",2.03253702778636,-0.984344869994834,-0.859008632808372,-1.09435600092993,0.708242327620298,0.202388561532233
"114823",-0.0875811602085342,-0.257645818435495,-0.730854802433146,0.485644426975743,-0.0278231367926279,-0.488750607937142
"115017",-1.10590810374097,-0.259974750657598,-0.296395420740122,1.39176092698125,-0.852532512700162,0.475046354347658
"115219",0.404331585578322,1.48010493710019,0.777026320747416,0.566700260406882,0.507423386743664,1.35765656393117
"115825",0.370050760179719,0.0559897616653234,0.52952363508412,0.562870996673613,1.14239928165888,-0.589011525043532
"116524",1.08145918082833,-0.0309917587077436,-0.631680976092294,-2.03166196026612,-2.46622118022452,-2.72739196682854
"117324",-1.34961141019042,-0.0588642576794796,-1.34291138404577,2.17941879928468,0.184903251620027,2.29774988493753
"117930",0.429245005532272,-1.23995610543506,0.409759981435743,0.0177834929892637,-0.495272381707184,-0.0883088250308702
"118023",-0.245062755682512,-0.832007972205692,-0.383986457808868,-1.0802939549877,-0.586345808875127,0.248072068507633
"118225",0.0115230747871469,-0.803693625123503,0.374899289145075,-0.716111785147438,-0.334908468693893,1.8536140640099
"120111",0.0431429078413722,-0.4936890230018,1.09951867732507,1.13876010697061,1.6616594079359,0.732947889127854
"120717",0.291937455791865,0.293821087632973,-1.04096093870963,0.984321709369234,0.532697571523769,-0.676435175497702
"121416",1.02526969302396,-0.149750967354703,-2.64480159521157,-0.101586441454207,1.77612180433879,0.835420117154895
"121618",0.341541238646381,0.848074446612052,-0.203813848285018,0.138382976080578,-0.953126620215731,-0.3091100595637
"121921",-0.743740790411986,-0.0582301654040525,0.352124213056143,0.0430419750767248,-1.99181549051966,-0.342214337617424
"122317",0.168477518070125,0.14381302875506,0.0571855039333292,-0.490818551637091,-0.633550447801798,0.454298592360563
"123117",0.0792248673961932,-0.283506557734972,0.507315628435221,1.41032007584835,-0.7233912598602,-0.830924672338864
"123420",-0.056241322925238,2.600689042515,-1.18819283720122,3.95103706292689,0.85214243549592,-0.3221599435242
"123521",-1.94946772229814,1.65112629557999,-0.977863590410158,-1.41763033992591,-0.739167808549789,0.175806219038725
"123925",-0.108072661192866,0.250807426042378,1.15176619926771,0.405037783033639,0.499103817949124,1.17874128578455
"124220",-0.478009644720224,-0.655462707441789,-0.579746261662522,0.622474729220649,0.541465952778708,-0.895760618704156
"124624",0.855051457468278,-2.34172309043431,-0.645316696954745,0.108820900697807,0.373277040762231,-1.96120075949216
"126325",-0.416000920318804,-1.57838469157206,0.724594503683224,2.44778110249751,0.338276215789119,0.194036295588023
"126628",-1.44490476365907,-0.213088482838858,0.194489883838308,0.675324773633047,-0.832289446887091,-0.437252615533068
"127226",1.37090007491887,0.34518299024505,0.164536960478556,-0.194813678395833,-1.28514850663755,0.706642843166023
"127630",0.233266399124091,0.547604560581043,-1.02225235084707,-0.629321597982307,-0.541461193763458,1.0442157548604
"127731",-0.69488076297849,-0.783287143230135,-0.340990519154127,-0.985472776317823,1.53514645350695,-0.299783565049509
"127933",-0.593682255801287,0.0719569867954809,-2.19535837523405,-1.7166593567765,-0.205748114285806,-0.790879461247595
"128127",-0.465844998174335,-0.428162522899557,0.956155799842504,-0.25432296917583,-0.432602511284038,-0.961905389820469
"128935",-0.928741217194287,0.205674081322961,0.962673965642572,0.613564421750787,-0.176104107614736,0.0867385895086964
"129028",0.597863018752335,-1.07470065363834,-0.682494582057908,0.750784439049726,-0.444886246258604,-0.891594329242745
"129129",-0.660912072540643,1.03910673080622,0.991364677692313,0.382817445597624,-1.46886961640233,-0.928579671202625
"129331",0.265773375077739,0.223452380583587,-0.847439519318054,0.0145818961867446,0.240854682208057,-0.43145508496226
"130013",0.724518856405254,-0.182410591686203,-0.47205335409914,-0.95051286857122,-0.965408691310032,1.74745163019876
"130114",-1.67401374365981,-0.666905364775823,-0.68763634877278,0.823211226794542,-0.18580126463254,1.08424694067542
"130316",0.459407608654183,0.147694876247877,0.538418294205081,-1.04185495752372,-1.02906707532968,0.978279229068509
"130417",-0.738020597700831,0.604837036912219,1.17338536395197,0.574947884097619,0.233820513871659,0.43788362058741
"130619",-0.830572702114424,0.530076014034432,0.228465003299105,0.999540917631228,-0.50724172862031,-0.246801244892895
"130821",0.551326560036818,0.23296045141445,-0.385876657445217,-0.974247232617613,1.62152299210181,0.264475797073058
"130922",-0.752098943276651,0.372624866128529,0.220184086203138,0.328419069530972,-0.131832976075903,-0.226467731408354
"131217",-0.633371687862657,0.732212581500673,0.105003487473423,-1.03299961147132,0.505160534268581,0.50368111929536
"131419",-0.912302191049969,0.252320692289614,-0.339668863478897,0.73212191482316,0.371300873265124,0.317551204114856
"131722",0.267820858111536,2.29489218083573,-0.685830184853667,1.20021312278102,-1.07556405432947,-0.86917119527781
"131924",-0.263783581612462,-0.408106159727302,-0.515144255609782,3.1321938025821,1.45703995887671,0.400164532748264
"132017",2.57065960856646,-0.998857836721823,1.129063803949,-0.365697268214267,1.69227352556636,-1.04379421119931
"133019",-0.750290043243395,-0.750656749552283,-0.361004242462186,-0.481373622954676,1.49162374872842,-0.804817915720537
"133625",0.768892601252681,-0.0257633081261711,-0.202840247241849,1.33942913313199,-0.0710225398826209,0.432408554162468
"133928",0.864579215038596,-0.187927799761562,0.326161178603423,0.0598087895641524,1.26073066050759,-0.354810098852967
"135225",-0.141603831499122,0.528578778117084,-0.625684566159325,-0.533754661344193,-0.931715935276306,-0.362980312945734
"135528",-0.661218604365676,0.607430615883093,-0.189708237771939,-1.07005443903799,0.851387313656357,1.45200297430573
"135730",0.895345784152301,1.05356357792769,-0.587228380273338,1.68312124061981,-0.082235538124556,0.98491460481883
"136227",-0.534726656830023,0.466010634967911,-0.184480162995291,0.199642766286533,-0.349854490482101,-0.144121569501398
"136732",-0.181431154725302,-2.37878355418594,-0.108384412788308,1.64498882497523,-0.270267896677953,-1.45083539663677
"136833",-1.78774897037826,-0.292067862990036,-0.794787609165044,0.234541864834885,-0.186887684329628,-0.147308094282653
"137027",-0.525812194710998,-1.70272998891088,1.49544162640708,-0.365180621018989,0.308536784291085,0.35376943323408
"137128",-0.861959511381162,-0.719110471388585,-0.454830447985713,-0.96089891484836,1.12924232406452,-0.993679444705961
"137229",-0.155231902412178,0.446752235863245,2.16380739448256,0.51224350282758,0.688989369796107,0.720973158332596
"137633",-1.17782207739802,-0.483290052450132,-0.539180007905415,0.4666293768838,-0.362463252503681,-0.628270976320843
"137936",1.51790706376576,-1.76359876621851,-0.126742850574899,0.755413439049887,1.34430526038476,1.27504713715289
"138534",-0.778585918477886,-1.77216668927342,0.862558651620235,-0.389426599724586,0.661646275304418,0.210574666882282
"139839",0.332035118257493,0.107078790905764,-0.533539954982336,0.236060989975591,0.516817001916988,-0.807751376004485
"140824",1.49151112927863,0.659956743749412,-3.0541203447585,1.59496474397182,-0.626548356712627,-0.0504211432428538
"140925",1.03557049113781,2.28567408981991,-0.586532214417406,-0.72586257477586,-0.77044014557063,-0.555608989861117
"141119",0.517186427073622,-0.250373147365679,-1.026451089924,-1.09850282236885,-1.86281550780528,2.25157772135806
"141422",1.4573649013129,-0.46899055549305,0.672837541118677,-0.435371582837643,-0.14462859179316,0.575925733074567
"142828",-0.248381095983792,-0.718941373710479,-0.950780798498299,-0.445089946344841,-0.425862647602056,-1.56853489959536
"144428",1.37279812746799,1.50400010074765,0.185611918323987,-0.482923794394718,1.88535886914535,-2.09925287939758
"144731",-1.0320905190105,0.299173852509063,0.0725183616180666,0.581570167474795,-1.30420985317086,-0.154742142047173
"145834",0.481526069754549,0.847571509970515,-2.96709368891075,-1.3935394009866,1.38904265663132,1.8090706845785
"146331",3.05531861445737,-1.91427395655749,0.617955854979892,0.990696161038592,0.810419782936083,1.52466487041105
"146432",-1.27438213261927,-2.18804950126449,0.266040304996869,-2.05314646161063,-0.304816057654316,-1.06431943770245
"146937",-0.0248737362294374,-0.957934514383714,0.176716805609891,1.56107258720889,-0.576191826791379,-2.17008588632651
"147636",-1.02728280929564,0.0513725231726646,-0.00498276708937467,-1.70296906980984,-1.03375769429305,-1.10116245458425
"148032",-0.949692538626225,-0.62450446638715,-0.692171050918861,0.126951234844179,0.900324370268119,0.650889131962595
"148133",0.601950100332192,0.835215568289122,1.1993373643372,0.528565882519472,-0.560715809489009,-0.783951910682162
"148335",0.124098997835926,-0.323256905923018,-0.642984421407981,-0.273426152640916,-1.72931109504254,-0.541291816127054
"148941",-0.878681322886992,-0.0832401095711366,-0.205678895056305,0.0596351357601318,-1.54877725333852,0.72163932411804
"149236",-0.457510324241588,1.12823964044124,0.685898757071394,0.506490852967308,0.299911787184507,-0.16342957818474
"149337",0.000789387044130244,-0.207586476335787,0.612480093633174,-0.923343614512588,1.29253042007451,-0.0779124348090247
"149539",-1.23136248056651,0.670858856246243,0.780660605064178,1.08690055715658,-1.48229683496132,0.679172485690117
"149741",-0.727160589185785,-0.694048886190649,1.00226232106622,0.261213661273705,0.536726845289695,0.775576181168378
"149842",0.541817632980577,0.370778356789751,0.781183844869131,0.0648844125460024,0.761739213029494,0.537774283294035
"150726",-0.971598771689339,0.914048812583598,0.802315248169738,0.96136575223412,0.398273927006305,-0.839572052354994
"151324",1.75706921366528,0.553809040969523,0.147464078463716,1.3409849758387,-1.79938564842843,1.09505192375068
"151425",0.12035275051479,0.0585187052164197,2.25553596773534,0.0502656838151905,-0.952276574084954,0.0561169432949495
"151526",0.423062801294487,3.10055840967864,1.45759163304732,0.592062671967324,-0.811068914840843,-0.86677493794227
"151829",-0.702945168541925,0.603684475617862,0.415288656936841,0.720575735511152,-0.208463215955006,-0.627040869921551
"152225",-0.9125416565288,-0.717248067925307,-1.26556393021364,0.123252439194387,-0.0421639654833709,-1.0170859866781
"152831",-0.327027846073048,2.02699337516863,1.80713214665179,-1.05623675842756,0.883173706110522,-0.0551526263227469
"153025",1.59803137786022,-0.302443624076553,-0.509171348727592,1.4330911781821,-1.20454414047975,-0.0869351797590621
"153631",-0.632223530574353,2.1845101182715,0.434033600077403,0.135910964875512,0.0285659240980447,-0.123215881260725
"153833",1.41957429131766,-0.321237506937278,-0.63088678839595,-2.0753702417785,0.193386965896469,-0.120343773670253
"154229",1.1488733260696,1.69390117260153,0.354350961427336,1.21909335984897,-0.0352583171047041,2.89058456662903
"154330",0.265648583649355,-0.392058471016557,-0.293470181311534,-0.439876788282897,-1.15804399001627,0.904227183503778
"154431",-0.489624524965409,-1.96172141330937,0.132485129389628,0.996851574825361,1.39762460285019,0.101024152323486
"154532",0.834321691724876,-0.0673897526394197,-1.90191715239132,0.272598789994193,-1.30924654719437,0.409941662910175
"154734",-1.46911280016082,-0.276833195553852,-0.605207222160678,0.835988017298251,0.78734278821469,1.03207058392355
"154835",1.44231883128563,0.191458245662325,0.169311268633396,0.420220393711788,0.287090363159115,0.584326678314297
"154936",1.11082945518716,2.14777153405972,0.0944658410372916,-2.15050918027312,-1.51951210713367,0.548433793578191
"155938",-1.4832075769488,0.311594017028344,-0.75404262427958,1.1353672737503,1.29202719498762,0.705793144400582
"156334",-0.930157691843391,-0.496811449349696,-0.287840694913424,-0.525346641878098,0.320217260931292,-0.904830658086342
"157437",0.587450226341357,-0.944746792764741,0.983918862916032,1.07003339535753,-0.797142609531104,-0.897120824323713
"157942",-0.335119560930767,0.956398095556905,0.881461321534623,0.703375626270466,0.76102988648906,-1.12733850090548
"158136",1.09246470478393,2.07417033110193,-0.376389098421784,-0.256376542918125,1.13870697320571,0.397318224315963
"158338",0.602890555962006,0.381648611780485,-0.141607841244859,0.113880423307471,-1.00935920632303,0.486248295895115
"159138",-1.4393512688018,-0.948104646814816,-0.393503637020592,-0.261483982333246,0.202468346638117,1.04811749249125
"159340",-0.0345216481926828,-1.55467605157695,-0.978320471773405,-0.53824528993734,0.834141812146749,0.819566307563059
"159441",-0.973117394116926,0.655898219218873,-2.10661127996042,1.23058210799461,-1.03386274896116,-1.36656525955815
"160123",-1.5137047367865,0.139687321009212,-0.278024290888995,-0.218996211745861,0.147710101909584,-0.887854521364588
"160729",-0.516155072959148,0.502409598062862,-0.977756484919914,1.81595719900514,-2.19894793781607,-0.53715341712284
"162228",-1.06574773067283,-1.21627818830536,0.00618689065036504,0.0415999354639589,1.17955549870704,1.18904634936686
"162935",-0.859563720586531,0.671392583118633,0.705554413564523,-1.25212227127893,1.03336473597361,-0.818270991777328
"163129",-1.45181159520671,1.37214764022037,-0.49061372565255,-0.251199771480407,0.62676045529855,0.838526187246866
"163331",1.17663529572786,-1.76559000664417,0.32760744407773,-0.239075728470262,0.728505748437035,-2.22199232727632
"163836",1.72852247037724,-0.178026492281712,-0.327164443750579,-0.206289448518464,-0.714573131562253,0.165981796985151
"164030",-1.39056120513378,-0.923060535891861,-0.285223320411627,-1.62921526886723,0.303025066736262,0.181483819008294
"164131",0.745814485011666,-0.172751094508181,1.3221701016531,0.0539155424078406,-0.39736369130735,-0.910522367419902
"164636",-0.176380414019752,-0.47658289143315,-0.34756167575468,0.817173251198572,1.00111570471488,-1.15896872555924
"164939",0.794147635948996,2.77630379827111,2.02401979272484,-0.318034751179502,3.88374463377579,-0.752179368997141
"165032",0.315734374954808,-0.138743259519048,-0.111320027570381,-1.22480089859133,-1.53459037549645,-0.65039960199572
"165638",-0.966572388970896,-0.953153662328961,0.881561864581643,0.552658412607597,-0.518045045122557,0.93814089701521
"165840",0.915407255822092,0.209674789653994,-0.499603784490535,0.215556733889309,-0.420228390371044,-0.191889968089469
"166640",1.81532360347796,-0.468600584011633,0.0835331572521556,0.418426419812047,-0.487922321499383,-0.203714174404834
"168240",2.86736212661504,0.395089471727148,-1.18764318479613,-0.152636071794264,0.53773532941353,-2.2587111845483
"168341",-1.31320683333843,-1.45715069251514,0.433231527038151,-1.59383673878442,-1.15565547840427,-0.18843060809839
"169040",1.3501340722817,0.542272799829621,-0.687410684635369,1.7287867082415,-0.32379439738586,-0.279443476242162
"169444",-0.660017816161811,1.12776225902621,-2.30817000575705,-0.985320540232531,-1.34957094918315,0.675402634742591
"171330",-0.824560775368556,0.466023252046829,1.02453886475354,0.26961060929264,0.16315163070957,0.275838476519699
"171633",0.819431537284486,0.579442749456451,4.12064901769433,1.14238550141254,1.83533647313994,-2.35788693304485
"172029",0.668426197427551,1.10437103123708,0.395686778244665,1.28815621163455,-0.937102681607739,0.719044526541282
"172130",-1.35242046854125,0.558066045988585,0.124208380206982,-1.0789020969234,-0.399597519850311,0.0321902497126224
"172938",0.294562255148379,-1.03634680132589,-0.870192675003012,1.12756733675432,-1.17058975770144,0.783295182863394
"173334",0.125457358349279,0.355808557058869,0.481506090042424,0.511310714804716,-0.159627193017763,0.790836808348248
"173435",-0.198149279118345,-0.330215144417371,-1.14997745278977,-0.00374577423592452,0.456791084077089,-0.530138912244866
"173536",-0.890708529350344,0.966494845816911,0.0269596665973331,-1.50262416123042,-0.50789496386015,-0.324699519209779
"173637",-1.16451812624757,-0.47592910380908,-1.03063482631546,0.233416078688084,0.236195293357322,1.95626461740695
"174841",-1.04536897647202,-1.816739868477,0.288486403815171,0.664784259878735,0.937917509175688,-0.0793469939270868
"175237",-0.417184471726716,-0.53426139925765,0.514288483755199,-0.556102017584098,0.879664668140311,-0.518984807731904
"175338",1.20124347988469,-0.904641723037196,-1.29637053883447,-1.55673940254146,0.257079619826854,0.500399603667548
"175540",0.151853546659451,-1.83946825852911,1.05874814620986,0.173037381224702,-0.171814649915875,-2.09875259314824
"175742",0.129601401558601,-1.55501962360993,0.797675273638668,0.862672074720951,-1.44576612433732,-0.135585694066724
"177645",0.0155529197742979,0.270642002945466,-0.920186447340907,-0.711142370801351,0.361188576058463,-0.800169894983323
"178142",1.40891624280513,-2.31681598808912,0.647011173133152,0.875430879316918,-0.801078519587975,-0.688517140641808
"178243",0.407139251963526,-0.231250607762677,1.2237200376898,0.977044898712881,-0.174017271232173,0.792905458603008
"178748",0.782292708956059,-0.527617899048631,0.91754451603756,-1.45836062437415,-0.267538740183418,0.462333760865156
"178950",-0.445633992755294,1.37749406094817,1.79459708933486,-2.93581815277075,0.379050168426504,-1.27192863765023
"179245",1.92431314773929,0.549998717463118,-3.33677043990417,-1.34973138943879,2.80168818385099,-0.119833516934759
"179346",-0.842767446272432,-0.35492149251171,-0.597746944121986,-0.425598401866415,1.48014012625316,-0.242332052896406
"180129",2.59666215955029,3.46107940493137,-2.03404847415661,0.81959102035477,-2.54792866565967,-2.53589232103434
"180432",-1.25651126827115,-0.0147266545520008,-0.528556078905633,-0.509229528745227,-1.01804002987414,-0.27540111698145
"180735",-0.822748027692675,-0.489012273114475,-0.529007824975753,-1.45211136429623,1.33082738870925,-0.394158341786737
"180937",1.03096118727236,0.816254678590375,-0.161523418496589,0.487619502697919,0.781292200077985,-0.337909020789517
"181636",-1.38669183814341,0.0580945499500141,-0.919169947094313,-0.228437106098511,-1.39436519778217,2.14417409434012
"182436",0.958124759665771,0.52503576537192,0.553958364838947,-0.603049053474881,-0.375867208890168,1.55876266097559
"183034",2.03945560429805,-1.26918785056159,0.452624780380414,0.114396283431691,0.00955884129343221,1.94041451828922
"185341",-0.312331501086103,2.37969300947005,0.345526431912875,-0.698050215407438,1.97757412155468,-0.0542946612797071
"185442",-0.330746725707032,0.434348127705263,-1.70613401924871,0.636732790068306,1.83247347702343,1.37582272165723
"185846",0.631692290042701,0.989919310738935,-0.573318229963147,0.895710983117729,-0.185962145284166,-0.181111855534183
"185947",1.31148074216609,1.73176373861737,-0.741900583689564,3.07232077442443,0.300932893708934,-1.04165418985678
"186141",1.089940347397,0.344288772890367,0.941429405250779,-0.264513952719364,1.95753240359658,0.206116957420754
"186444",1.07316162478679,1.58546464464123,-0.188157860311033,1.28002427853225,0.825130186215724,-0.143871722833614
"187143",0.646836226759409,-0.0316414164619486,-1.31487913026225,0.323073972015676,-0.127045256013498,-0.422782249813906
"187345",0.491436765460812,0.147827815334245,0.228986103823896,0.840354677174893,0.127520332916867,0.539450873365752
"187547",0.81168690565774,-1.15433116206003,0.932862791382252,-0.417635168586947,-0.352430570698668,1.62599626361979
"187850",-1.622456169266,0.107207575398227,-0.803302388820681,-1.1667412682122,0.444086107765849,0.497777080353355
"188347",1.58735104940863,-2.01275292244826,0.181944527885344,1.51164778289534,0.884832696130541,0.605731108979159
"188549",0.127918104477194,1.03653214351914,0.53372600295934,0.981458940673681,-0.276987901800051,1.06628679532597
"188751",-1.46637519024863,-1.02308147963603,-0.228353772974564,-0.603263639876974,0.215628909718025,-1.08078850979522
"189349",-0.2821766635062,-0.103944959043505,-1.381637194388,1.52786720431823,-0.195852963210168,0.370399869936801
"189450",0.798978336515252,0.767422532175329,-0.737478944846519,-1.69102592641693,1.32380386036138,0.11526170472244
"190031",-0.0433401776763147,-0.128484107564229,1.5549331591668,-1.57647595727666,0.446157463052004,-1.8177328600199
"191033",-0.0811666940850831,-0.159748203890579,-1.0508368271325,-0.295413844668857,-1.21141265817607,-0.906789161886777
"191235",-0.152514905790163,-1.31060962743091,-0.693708233910222,-0.841134810792354,-0.569559687272979,0.625475932109853
"191336",-0.571277553166692,0.673008946559429,-2.51364116934218,-3.19243415467072,-0.0432799309855161,0.606969040252109
"192035",-0.730071425923732,-1.78511119508356,-0.0341687660324645,-0.302783513368425,0.753011557508128,-1.12344317912969
"192540",-0.974123836997117,0.368585490263697,-0.667072092807627,2.58737598344465,0.563125013435058,2.14730937697092
"192641",1.53959626282148,-1.01775188983075,-0.181550853868433,-0.923553818879949,-0.116010945142377,1.16605426734831
"192843",-0.651413730525838,0.252293330060565,-0.00710911432105109,0.0929111195121088,-0.152416720927859,-1.31851645230674
"194645",0.788255407005204,0.302262813115025,-0.0131464768974744,0.405542667668522,-0.0935645059678637,-0.612249267157465
"194746",-0.300049215806535,-0.00485965781754916,0.257458036791043,0.684208530581717,-1.45538671183521,2.43492577716186
"195041",0.543195241731721,-1.41878179742139,-1.10413836045969,1.44088430766564,1.84484177443418,-1.38959627675701
"195445",0.712620487462118,0.885105708160002,0.0575174327967584,0.265626778830718,-1.15414391521458,0.00110782263603459
"195950",0.51522772751242,0.207253186270393,-0.10081324130498,0.168538017361774,-1.27738595941937,3.3002161381604
"196750",0.152309459283768,1.01428493108059,0.290598432236006,1.41451375196912,0.804991284057206,-1.71014457918488
"198350",-0.845292494106848,-0.262811211482094,1.25124535304,-0.312214416394362,-0.545826976697493,-0.190805025412708
"198653",0.69289285364021,-0.209800075338949,1.44365058051282,0.801002137838266,0.0585777582260603,-2.54442676637585
"198855",-1.09700678336265,-1.79533344335397,0.439860935564741,-1.08537041877304,0.831880943872937,-2.61743088041681
"199150",-1.67369856105509,-0.770701079571576,-1.28738249697522,-0.602232484534758,-1.56194641248859,0.422139711680813
"199453",-0.792368945508811,0.184663427293925,0.352437653939809,1.24115186514627,2.04445569008626,1.0307169532292
"200008",-0.835630633569337,0.800030830777309,-0.206425917665373,-0.0846626040258229,0.772872225633586,-0.924183618748977
"200109",-0.926476026360396,-0.0892536102144726,-0.133996559905792,0.301830393226859,-0.276777094825657,0.0991927413667589
"200311",-0.153570127537743,-0.321003486182583,0.0176721340555538,-0.0705818347464507,0.28617222615457,-0.336401879062674
"201414",0.113585098841836,-0.467721850147925,-0.438836360626259,0.981223767736976,-0.651058194739518,0.628018860902976
"201818",0.444073554475141,-0.534837785342687,0.998035384537763,-0.625563690294732,-0.364632086917075,0.0270532654471318
"202113",-0.0226325192582157,-0.556403867539649,0.126106347151981,-0.538564453507627,-1.16193095391373,-0.438407997750115
"203923",0.655001741601126,0.754957813433515,-1.94054381567013,0.0829809351247778,1.96233839334993,-2.01774371922169
"204016",-0.534227862411092,0.208980130586398,1.15060296590483,1.8035169382537,-1.08636342788227,-0.962007735154185
"204319",0.935707509326357,0.106012408176114,0.189187020703886,-0.263448354672892,-2.52472520123469,-0.452671345626021
"204420",1.48408927913217,-1.86609275160315,2.05931721899459,1.10874034393764,-0.288251604334926,0.555654088972978
"204521",-0.368765107778894,-1.38804199583063,-1.42391491855743,-0.521664492219043,-0.389687578312016,-0.97060109046582
"205119",-1.15532558139091,-0.469314910551435,0.295264650049974,0.561980619047679,0.392272424471866,-0.113122734844616
"205826",0.258287822585387,-0.867119345263229,0.166838126397821,0.322239689091989,0.0274137174032863,-1.87892160757582
"206525",0.389193889544132,-1.25792758501499,-1.09726507580836,0.631043389077995,-1.68324041097685,-1.02794270510549
"206727",1.3681976787037,-0.637131633217229,0.230178894609572,-0.732650909643974,-0.91553543538424,1.01998365430952
"207123",-0.0969324368838936,-1.19962879918379,-1.47797827889811,0.427688819868214,0.406951265304109,-1.48577731092376
"207426",1.50389308041588,-1.71015137260061,0.221893572887369,0.799892070006382,1.2252848728073,1.34610117253728
"208024",-0.873602623990276,-0.340860165193346,0.285987299000482,0.642580442813431,-0.819942680813625,-0.84882362381194
"208125",0.992359091401836,0.749705789735148,0.49414343409188,-0.212417823553258,1.03355620414444,0.208027787939675
"208327",-0.0244381661585702,0.479448245086126,-0.0229794418384153,-0.551087060153457,-0.785211156565702,0.0533526593090621
"209127",0.485128013424248,0.576961008062443,-0.421852064902674,0.886057320246591,-0.112368999015114,-0.316942989024385
"209228",1.47560617284256,0.1676305327819,-0.604128330107245,0.869233617572328,0.719745383050731,-1.28533106302298
"209834",1.57976571471944,1.9169185146914,-0.249362601431078,-1.0014420225688,0.233759394740239,1.53617577453358
"209935",1.8159349057149,0.0764084886956584,1.53728019088394,-0.467337563679465,-0.361633930160431,-1.41803090554224
"210011",-1.32569983653439,-0.882122030028192,0.139014928202428,-0.24993179619964,-0.0246532228306834,-0.853419189903042
"210415",-0.295515668597294,0.196060370793836,1.31144912949721,0.00638524858652473,-0.891001491099203,0.687027468440371
"211114",-0.0252467430219941,-1.24112911078416,0.790734634958072,0.754231435415261,2.0817434708371,0.573398285989741
"211316",1.41561761753415,0.420938586405552,-0.754502898481319,0.980029952562011,-0.402955881493198,-1.7209077382513
"211417",-1.46669697806299,0.144238208955115,0.207920582381724,1.84336795658438,-0.79695575460531,-0.578953795791173
"211821",1.28709563362193,-0.113764814373084,0.316466937525691,0.520369238029949,-0.884914672902557,0.624506740769204
"211922",-0.129979288797733,1.99349953623142,1.08609623987441,-2.304660058237,0.714257255294721,0.117732569952501
"212116",0.760084496610261,-1.95714445859762,-0.386803914064012,1.36239776724383,0.760452487090713,0.18754867173393
"212217",1.20656577474425,0.971134291729406,1.55419641086825,-1.42484661991626,0.695402478254946,-1.34115798310819
"212419",-0.826781183495526,0.512840652908953,0.00938320471689948,0.0403319574351735,-0.40843927665765,1.10511587750281
"212823",-1.35651365368375,-1.16889019190393,0.126133175070048,0.365756256006889,-0.482070725086344,0.322830710044124
"214221",2.07732893935583,0.416753892406013,-1.54671632700418,-0.115229192338187,1.41496458754618,-0.478905490801643
"214524",-0.0740080069080915,0.544382586645818,0.432641696096834,-0.928077318991119,-0.631465442657411,0.972996925460923
"214726",1.35810522038631,0.257077928047498,-0.729145389797381,-1.4896918944693,0.543558401810182,-0.507337309650186
"217126",0.629552193028573,1.20300810812062,-0.855749279055164,0.688933385329625,-0.573109549016067,-0.422862513626467
"217429",-1.19004792072039,0.375196864510971,-0.389506951836307,0.397303044890209,-0.613384417990921,-1.19962243638303
"219231",0.781208055788435,0.164781690167728,-1.89221157808182,2.16336675128146,0.578801303415022,-0.00243618106434879
"220721",0.942931696276818,1.32013368458505,-0.401149700057761,0.736744361440201,-0.304079438129895,-1.89260529788149
"221319",0.714291486308133,1.25756999362627,-1.2712065840889,1.20267456130045,-0.41854523417779,-0.0909915476084509
"223929",1.07234593405397,-0.957873421003168,-0.128477540298789,0.157353465032691,0.0387850501604981,-1.69469359633633
"227432",-1.48189405845267,0.693607296093823,-0.40819439235424,-1.09024314381268,0.595583688203478,-0.778963985066503
"228434",-0.144565502694167,-0.413099125078298,-0.611950937110257,1.46579707282234,-0.630550463699995,1.97762775797353
"233326",-0.658962253336666,-0.208945073526081,-1.19577266502454,-0.958016179636626,1.02708691174287,-0.737899223751949
"239944",-0.245730524746331,-1.10201950988231,-1.25405169335713,-0.435548333780855,0.468788597109028,-0.833066631327946
"245333",-0.771823777428243,-0.00195644569938559,0.22014480756532,-0.953679228175815,-0.240810682307679,-0.762639432342723
"248339",0.904238804091049,0.838962068001706,1.37353672676648,-0.52857896094698,-0.794990782308621,-0.882188965438582
"251833",0.684393457862904,-0.311768139713517,-0.209347391593024,2.0004410515383,0.174051315128825,-0.971998929150977
"255639",-0.389311979250886,-0.482220279157294,1.5043893742379,0.0964642620715523,-1.3568053940669,-1.34268097818196
"255740",0.567724505506234,1.5397871182241,0.37417722074778,0.193437066151534,0.301460223290312,0.164594544443773
"256540",-0.406746810737365,-0.979126375062049,0.607632761942969,0.446006694717498,0.136870107094039,1.48212312355489
"257845",-1.73587015236782,-1.19580931866464,-0.504985772718227,0.163074222002929,-0.782071017146586,-0.0832664825120439
"263436",-0.786739057326115,1.21021241031025,0.255449884783685,-0.233246189622273,-0.735080678058303,0.765123157539956
"268749",-0.89608309447359,-0.693932659281804,0.820335734630488,0.511372938568582,-0.150769919619507,1.62026075423478
"268850",1.54437348278313,-0.750825751369498,0.131386914610232,0.926425969206505,-1.01623846298178,2.08173472786986
"275645",-0.938591878839752,0.842994744122632,0.438034991025928,-1.32267300214964,1.76119353021736,-2.2110514517559
"283543",-1.04501717100338,0.206365826629278,0.974904993269587,0.263480210242663,-1.07302323005322,0.633114500405355
"285345",0.311911965411113,-1.39828323765202,-0.561976777810931,1.24597614980232,0.940946530110188,-0.152736128139531
"285446",0.325505199453693,0.205611677069443,-1.32140954092834,0.721051151601308,1.20958458019293,1.00759491261568
"286650",-0.393593535534281,-0.130355072104961,1.83397230533845,0.633006708354591,0.474144973841924,-0.078527778778888
"287248",-0.878144895818533,-0.149967795758865,-0.386154731880213,0.391829322054205,0.816206565643289,-0.290721303689624
"290136",0.244137422939625,0.268723148565397,0.232128535811398,-0.0534183702706459,-0.524388627843822,-0.0828268780886093
"295146",1.12689598803062,0.232824426306097,-1.07916441214217,-1.92436055169774,0.512292070534442,0.458557892156392
"298455",-0.181811689015211,0.399880376210025,-2.19510884296015,0.023715810908241,-0.926496029020962,-0.0200735496345971
"300618",1.00168546407875,0.026931766466819,-0.0954913368850735,1.27307462725705,-0.0681609765366775,0.683413656107935
"303119",2.82779554127829,-0.454542181899842,-0.677411339821317,-0.631175413150056,-0.630815223995375,-0.356177164721997
"303624",-1.17330003531147,-0.414207864879563,-0.258925006280572,0.299854715537066,1.59275547532725,0.524643738960323
"304727",-1.26130202554875,-0.186641252624353,-1.07215534446615,0.200503556286861,0.313728070225505,0.372696995962134
"305830",0.912606773123987,-0.472107761285019,1.25272744315834,0.581165912346178,0.143718338435378,-0.470070837096362
"309636",-0.704649624287925,0.347269611273066,0.361697394955924,0.977717259744535,-0.0601463842865456,-0.628622672267107
"311320",1.87120032989759,1.11808489554018,0.213192937979478,-1.79108332729633,1.13453176433858,-0.200976545355464
"316633",-1.03416201369596,1.64465384227426,-0.324237652714072,-0.600186836392885,-0.518898520707421,0.68200174241734
"316835",0.868315631108116,-0.346225974493613,-2.13944238511092,2.03297291429674,0.238241875854158,-1.02754504319714
"318637",-0.13408138433511,0.0926917338730961,-1.88234698108999,-0.679562858535544,1.31377677124733,1.86644622515883
"329844",-0.674537215704899,-1.11500710500843,-0.943064327138001,-0.0772894981442497,0.425378623883176,1.09005469973133
"330324",-0.0762501354052283,-0.849426643105954,-0.0968440894775774,-1.77168906952775,1.44978545356831,-1.68050804826673
"333330",0.234643010092116,-1.06013441765441,-0.919960317844271,-0.0324677605489965,-0.169340421073092,-1.64533404304513
"334635",0.800751588633221,0.654424358877658,0.351247913918039,1.02000170784737,-1.40136099047064,0.00605981431557806
"341834",-0.374242331089245,-0.208527130694877,0.117895338277641,1.0268513352198,-0.977779395990872,-0.06060180516829
"342129",1.18981378431114,-1.39616381159687,-0.587197521166923,1.07108823863096,-2.07074292979359,-1.42359806335977
"346137",-0.934674253315182,0.583203980811552,0.551968354581769,1.57003905517077,0.649811003189297,1.37355473868862
"346945",3.27436439745361,-1.92711769873577,0.16784964799235,-0.826880168780229,-1.07158869678716,-0.562927293046311
"348545",2.29515359486165,1.49693774440055,-0.828328146699541,-1.75446249473,-1.75121378885835,-0.686845397343427
"349244",-0.518730692775745,0.317532380696025,0.0437891053475001,1.13623473886698,0.0792916433346975,0.268929339317109
"352132",-0.848840514361397,-0.673255127561181,-0.124332242125363,-1.53797146327003,-1.27308480040916,-3.33790299557161
"352738",-1.64917838770272,0.52080445474594,-0.422562745094341,-0.989772815871978,-0.76602195037078,0.690145136429345
"353740",-0.87391122891018,-0.154510012310117,-0.58725416098394,-1.34235658491175,-1.73345358000312,1.96725740192739
"356948",-0.640069868691791,-0.0859015505846972,0.285782836000025,0.0114713129279639,0.155957235015538,0.0862879094710077
"358144",0.538186000429457,-1.59359932809096,2.37802371498211,0.848598477669645,0.687400071654355,1.1838304028881
"361941",0.155798543828829,2.79392571412095,-0.320925168038302,0.392202839722726,0.239262496221073,0.738589458323589
"365343",-1.12044655158821,-0.884522486231523,-0.312887113257159,-0.204656475144175,-0.603594487781712,-1.137580287633
"366042",-0.253286282535639,1.26907203954971,-0.678963527608984,0.160084658767405,0.253058936756688,0.909633576037566
"368551",-0.16976018500552,-1.25153438254774,-0.6473267730287,-0.128680155028444,0.225310720252252,-0.54696898342345
"377451",-0.200706025388002,1.99681985449547,-1.08185502261519,-0.198291905127152,-0.548845411317777,0.199374530618666
"378857",-0.224910431440761,-0.0439067924378084,-1.06548917023696,1.19146253921204,0.127492234484577,-0.224424910857245
"379657",0.479086815209168,1.43110386840897,0.252071712207058,1.48159253232073,-1.4095491767896,-0.204496143367338
"380036",-0.244536030003042,-1.2567958614681,-0.371655269922688,-0.847914061732277,-1.0927165811782,-1.96937625389079
"381038",-0.795738650177442,1.39633082304471,0.689964835882586,0.48003516754967,-1.68427611314616,0.0996940902158777
"381543",2.35297472744785,-1.07848564758911,0.384149164569732,-0.932501117948159,-1.23476420422587,2.03009050203227
"385450",0.996161502694614,0.771233556361624,-0.283941702411533,0.718329877087074,1.98740589391399,-0.464090392338649
"387959",-1.01225033182089,0.504959887889296,0.306457597518535,-1.66960633475714,0.904745981839958,0.175586163005943
"389357",0.403420930444977,-0.311341291015288,0.529757930557892,0.403628165693731,0.662333497996369,0.538096534410866
"392447",0.0289994528183622,-1.19552430480655,-0.376800719447352,1.06584047433869,-0.952633112630865,0.495282409078452
"395958",-0.934287751771178,-1.69179682343567,0.318880313984955,1.04973863245182,1.39289091585513,0.364343265405443
"397154",-0.220922154996395,0.597382327243212,-1.16198651941406,0.45249609483233,-0.350395015133872,0.0481345326577153
"397760",-0.845092555056255,0.513762737328049,1.2212079315391,1.16001121206871,-0.269699688138263,-0.124199070736228
"397861",0.604863647619067,-0.0408611236275656,2.19703835572604,-0.819705120786242,-1.12230260576592,-0.843029818506139
"406432",-0.708799325524818,-1.68401043811522,0.87823697683571,0.0158990533908101,0.973370882946503,0.495288620316522
"406836",-0.21084590793571,-1.84716372419673,0.612851717397338,0.500506759537321,1.45017511688671,0.589602784568167
"412528",0.241782604899338,-1.74519168558939,-0.132835700655752,0.365465750185647,0.4934428109884,0.449117876059822
"414229",-0.132872750910656,-0.668284566000939,0.809585966900226,-1.32834088696161,-0.377927291908285,0.883054898729483
"422632",-0.835689807709096,0.571743047288535,-0.129419049337107,0.423584431316055,-0.269168003980494,1.87010781387797
"424939",1.54935398186425,0.0924945858297542,-0.899419412249239,0.199950850640714,0.794083628891556,-1.09509158526728
"432332",-0.00855050148148581,-1.28428683406727,1.49209919968998,-1.134136326264,0.428455383462933,-0.678438704483154
"436239",-1.15299474737369,0.878360974096757,-0.439131846039505,0.104750221446969,-0.860592271284288,0.71677750576613
"436845",-0.187348755132998,0.884653811064089,1.34086911427217,-0.174612749395334,-0.311421624487479,0.614886026895096
"441939",0.30161120022674,0.170999861435766,-2.62630785722144,0.180443644715189,-0.418573821808251,-0.566027783296747
"445543",-0.0123224108392355,0.926693977136115,0.513815477475691,0.57193590308389,-2.47870591177336,-0.385677230197771
"456346",-0.564791354527112,0.69473074329038,0.713924540197373,1.66068520105328,-0.584725081223171,0.792810829871533
"459453",-0.842281710272244,0.775846358109338,0.119876668324411,0.443725201345579,0.217775457839819,-1.96822615793607
"467351",-0.949438309181544,-1.77757195680914,0.339042506781423,-0.16584888929207,1.14665164667914,0.261379907975722
"475855",1.13260638952309,-1.38052835871197,0.806500625740841,-0.651167327521651,-1.3141842549834,0.910154952442252
"479762",-1.28477188447362,0.805849068901535,0.333695572451778,1.6958515871828,-0.187001709594511,-0.258348795096253
"481951",-1.19140186828443,1.96775199925293,-0.630465242243583,1.24409394444833,0.0949630605614722,-0.720334210369478
"485757",-0.344289323689765,-1.91865061250589,-0.981519451724048,-0.275594953302483,-0.262824884122492,-0.497881505462283
"486759",-1.01553957357014,-1.73677000435402,0.280232604031991,1.55362283425564,1.18447996658755,0.0684663660495293
"495255",-1.39625745917492,1.15230960138914,-1.18899738620327,-0.0337414090138945,-1.81064415813554,1.12271441087352
"497865",-1.87905305271389,-0.209872312767694,-1.04544407050835,0.203678276252239,-0.582083796293449,1.69334000292708
"500222",-0.383116622065127,0.950157610436526,0.71960476406985,0.68279803876303,1.27000984849693,-2.21088676696749
"510225",-0.987968497275732,0.416539676785799,-0.534309350547081,0.397805195608809,0.793497658597476,-0.76955152885736
"512835",0.912459999143173,0.608801224486181,0.554806615373816,0.111893633335508,-2.01088590623727,-0.713930076463633
"513736",-0.161744748299576,0.669221250478947,1.59902624832874,0.855299224605136,-0.711604890806802,0.39201268839985
"519950",0.451101760365704,0.637704077202338,0.341362736749253,0.991491336259441,-0.671320213239456,-0.993192758949514
"520228",0.857827434044663,1.97393588147667,-2.24529274315982,0.451859037925881,1.90265173201726,3.06153869316066
"523032",-1.40521258537593,1.56387032986793,0.175182848953119,1.43438360288253,-0.324941283117519,-0.517699661144402
"524135",-1.06841853591722,2.72219594119174,-0.632321982440192,-1.36317854248013,3.45866338909558,-0.148559311151033
"525541",-0.531910447409235,0.869695019032766,0.301942337602954,0.295671637070172,0.630125970828941,0.691635005706592
"529549",1.27536399408413,0.202795713281389,1.49409899472685,-1.02169162375407,-0.571928134639461,1.71320659269283
"529953",-0.401224487120638,-1.62425501453374,1.70535622836942,-0.0975289226201754,0.396983453215184,0.581617849317794
"530635",-0.598879316147374,-0.0725018407948539,-0.823735663718189,0.849948968184303,-0.573044674004218,0.55739219465963
"531536",-0.010158305635384,0.176308403427746,-0.362168418932353,-0.343111584919445,-0.0970524929404684,-0.741032982052499
"536647",-0.580865513152071,-1.54869993400354,-1.46923294769989,0.888347882909435,-0.843242627995092,-0.425794971382428
"540436",-0.759778225283678,1.16386107543988,0.887201250994918,-1.35131499435858,0.420230452039804,1.4309818435521
"541640",-0.304314293411262,0.317357785905601,-0.591903256545158,-0.37616439699866,1.87259559468968,-0.665269537733766
"541943",0.0603043302896443,0.469139525452378,1.7844888524428,0.75594934832894,-0.0313906881219993,0.510447061841757
"545345",1.72178351997027,0.336000265620696,-1.59165238844685,-0.912382603953127,0.529590978896424,2.21328044632675
"548250",1.35572248216616,0.708959908230353,-0.131310191042631,2.05765137795778,0.0762234133536048,-0.926148667439427
"555348",-0.0659206348798212,0.445757795109857,-1.76849701874933,0.567721924092654,2.05716520202315,0.257558839608018
"557857",2.10805199895537,1.31683848450851,-0.0165344509778195,1.87587873467961,1.1232229177484,-0.82481756929898
"561242",-0.316208063597991,0.366235034756229,1.362651332242,-0.0021653876001855,-0.859301264196469,-0.208034517194303
"562345",-0.703238849396579,-0.135116234649527,0.536632215032058,-0.707292174477995,-1.01815169715401,0.236513287091239
"565452",0.474508970179415,-0.878417770205181,0.272830379776366,-0.282413135428975,-1.09246951696337,1.53331956680802
"566454",1.95720596699768,-0.470299063352399,-1.35458314593691,-0.745003479055706,1.96811413009307,-0.0921333998219619
"567052",-0.998105193907739,0.652914130604362,1.14982015956495,1.63796410509011,-0.427971123513564,-1.56061117492639
"567961",-0.559825531853233,1.33728640076504,1.02276632631206,-0.504605804527554,-1.67089645679672,1.03406412822745
"570243",3.11279407258365,0.847202420994634,0.306107686142966,-1.69599139961744,-0.6638086815876,1.67361464830392
"573249",-0.319708757991968,0.97222324849387,0.194903392865623,-1.61270639618237,0.147302667530658,1.51215155721076
"573451",-0.160653726739881,-0.914566256535637,2.09271382127543,-0.331667433341362,0.913305358296874,-0.06701357666564
"579867",-0.974679999508535,-0.474819818928007,-0.168676599671421,0.261143462952454,0.334015848021016,-2.53231657672252
"580044",0.611469346990102,0.591242136843501,0.544162296088294,-0.0321465947643091,0.0996208431420755,0.50487570630594
"580650",0.662189802526367,1.08049301948957,0.86927230582683,-0.25458686481716,-0.164537420388013,-0.570426378722779
"580751",-0.824936349278942,0.597730657590406,0.32729497130045,0.361651748549063,2.07973191647515,0.335725889663143
"581349",2.72722896303712,1.62340106152696,-0.0842652904923926,-2.39382330438111,0.363281390585995,0.261329029311438
"581450",1.47948578141728,-1.16036530122106,0.402059638646106,0.842741256376678,0.873070339685968,2.19498281049379
"583858",-0.298457484440847,-1.81943911969051,0.0272219116540176,-2.06967191545086,-2.46059879531352,-1.01241005318118
"585862",-0.328193677047878,-1.33168156250932,0.594535964801152,-0.0687237182247765,0.630700881475113,1.17649825578944
"586460",-0.529654187381563,-1.22426954477314,-1.1102133446697,0.235989831021024,0.153868419400363,-0.49704413873626
"587664",0.39679968747988,-0.268174265382496,0.271886559652483,0.721031331515307,-0.189056701449813,0.0199460079369737
"588565",0.30226152801094,0.645040798498918,1.93823710486206,-0.708945641072344,-0.42896754462682,-0.540311334532775
"592455",-0.260800893714706,-0.171249241222413,1.95577448146439,-1.02153971768237,0.746886056287705,-0.209928959262183
"594156",0.191438706893563,0.192865657697157,0.176581294532561,-0.00606645201555206,2.11044926494138,-0.524224679995188
"599065",-0.310679098189046,-0.991826737439359,-0.7659847436677,1.50828424646276,0.327838316251985,-0.13969016537383
"599671",0.923912395619945,-0.0305504491249551,0.176960079996533,1.05858921320064,2.10523610338644,-1.2153330846683
"601127",-0.284941388009452,2.32327871103312,1.39651445268275,0.551495670479458,1.88097733320478,1.75701371665958
"611938",0.933791912310112,-1.02230784862109,-1.25175468107873,1.6774342995124,0.603106217062547,-0.184177749035313
"613538",0.291149796000662,-2.40424820695772,-0.0788131112405368,0.610936251142155,-0.329260932181916,-1.16441344250911
"615744",-0.579699537200848,-0.914738006060653,-1.29576424076707,-1.11532480277404,-2.42884030048036,0.297283321030152
"620434",0.288047772433346,0.408440528189821,0.442592834754976,-0.0837019086876047,-0.68733425567206,-0.604037601109578
"623844",1.90292657390493,-0.100892952532362,-0.27555885305565,-1.48766887107549,-0.160280588898046,-0.764268654711857
"626648",-0.0838124590847296,0.162148782013905,1.03521585274305,-0.23188519219799,0.686721992962832,1.80515629250565
"627852",0.9959400117042,-0.49840564882824,0.147177414140141,0.628294537325102,-1.18531709817678,-1.08526143789267
"633847",-1.07702182777923,-0.492057244552904,-0.603432451036794,1.31609669414315,-0.23042535118292,1.63646315167662
"645551",0.187838061795226,-1.83127511183601,1.94448578182954,0.668853499271588,0.141970489359727,0.305827035200956
"654350",-0.0241481904289965,-1.38815970721805,-0.430096597781149,-0.292502118830515,-0.927627351453357,0.371115355666385
"656253",-0.970486461574326,-0.301721385233537,0.699032107252603,-1.89350837451081,0.0238720807739781,0.0343940822228093
"660951",-0.188348301423932,-0.319059012967108,-1.53188659867488,-0.39001108680378,1.16412742977152,0.619900185949518
"667056",-0.335514122833915,-0.0645030131374756,0.316171974510662,1.61416849537902,-0.361209231427127,0.371110281303535
"668361",0.452647579415085,0.343835611494439,1.06156814399431,0.262253425279093,0.294516137477197,0.0414332844925467
"671855",0.885394513801304,-0.132318384748839,-0.536473544244837,-0.264976493009177,0.0173268315348352,0.939063814749913
"673455",-1.21013252519899,-0.0975640172047481,-0.995728726900939,-0.196941995116591,0.566916551543168,-0.308198649498362
"677766",0.673863093325695,1.50015903147862,-0.816132575687503,1.25431882537204,-1.7213159088511,-0.398467113493207
"679770",-0.941305154226654,-0.161378608508323,0.751115056574126,0.727108351766124,-0.0804825592197822,1.38063853820101
"680250",0.229107357162065,0.105846310466785,1.96813370468454,-0.250302601019262,0.453866890662436,-0.0451941600936965
"683256",-1.30719563865956,-1.08777449288689,-0.871790057116633,-0.34999949077672,-0.642854891543994,0.451551404642009
"687163",0.264861386397116,-0.164429211031021,-0.877861804892716,-0.306036652035055,-1.29800448092472,-0.0834379740303831
"690152",-1.03800347927148,0.354007129611572,0.375364331728882,0.584657952956368,1.07887332677944,-0.7109042514947
"695768",1.09612550554733,0.981285954011679,-0.0925824766847969,0.649247315344964,0.227466161638741,0.492560022305831
"700634",0.588900859618179,-0.44007006235501,-0.589371417929815,-1.22885000451943,-1.32799489381556,-0.73822979111666
"704238",0.167384996857973,0.51226218585004,0.810716413490489,1.05726090350072,0.299501242975295,-0.306012150918203
"705341",0.32231929786463,-0.478058616852656,-1.48893781105298,0.723685571797107,-0.611845709688489,0.523658820131672
"707749",0.813744563153281,0.677691213815733,1.84389952330309,-1.43644333804123,-1.53440406842866,-0.966489765265759
"713239",-1.03888789153924,0.01810678515352,-0.410577041632566,0.282938735321418,0.303057055555488,-1.33915340499042
"715041",1.32478543577199,-1.71898572499763,-1.25099058418908,1.70286128972655,-0.673941111397682,-1.32973889035772
"720337",-1.23086755345251,0.0566207247364868,0.487827509647729,0.582420552340212,-0.221229073454584,-1.0889363984172
"725751",-0.0629205996424539,-1.37663439056846,2.19574373552492,0.828782834673528,0.841980159929345,1.32303868429564
"727553",-0.186947859860136,0.708015624991718,-2.4935400077395,-0.58030583431409,0.863628087931082,-0.330687895164967
"729254",-1.24067847786662,2.96661587080891,0.513963296835181,-0.646184197396232,-0.161372481734432,-1.4679483645061
"735148",0.482804851362676,0.1596548767026,-0.667845960049247,-0.00082600905185394,-0.824142510798393,-0.489025005083244
"737960",1.19261102641167,1.67983692767471,0.282497999942026,0.396012686631907,-0.286706616904035,-0.929478396139422
"742549",0.0294668560926135,1.10347082733644,-1.90534929344156,2.04601454810864,-0.659781608243721,-0.596353582335198
"748662",-0.421747106732162,0.322006223505182,1.24684354455966,1.3150941660708,-1.35462806109501,0.943964231188299
"749361",-0.125513557059088,1.06030482463064,1.62866379588881,-0.468360967970172,-0.634712238784018,0.166574234752008
"751348",0.830279524326732,-0.659285662977646,-0.972087199588654,0.497867206943876,-0.571350627770108,0.527664555737697
"753251",-1.07053874505174,-1.91538420477869,0.767342285583094,0.0880824512059064,-0.0182969797197674,-1.91969100098512
"756055",-0.275394578672017,-0.129217015882826,-0.656731518917998,-1.37888112891368,-0.897404335537652,-0.798425444894739
"759869",-0.539975939861774,-0.909652723127688,-0.677167235065652,-1.05260114955794,-0.0972723340441823,0.257580030260778
"761957",0.505614938482081,0.318544120425473,-0.466660661148516,-1.11714986910967,-0.914606959045841,-0.492063822962408
"765056",0.933138683902346,0.712967496846332,-0.976069483533198,-0.654316913718645,-0.736643339780526,0.327182221890467
"769064",1.3016971429833,-0.612351420248752,-0.283531665156741,0.837830185804054,0.102776838234031,0.482374764754975
"773257",-0.8992484899803,-0.0918812867220459,-0.813818897495802,1.32739244307112,-1.1435325677626,-0.672715665801919
"782561",0.986726048016434,-0.940104695451656,1.17798194575853,-0.447818321839852,0.18398391485638,0.943312887334341
"784565",0.330473004637147,0.594981387437708,-1.4543171528744,0.174814552634278,0.169071588940919,-0.210830587499842
"789373",0.70295329405315,-0.72059875943255,1.03694981331952,-1.02116253924373,0.159831195623017,0.393650899248998
"793465",-1.92032189179369,-0.146192074127519,-0.925291638197667,-0.642607899643989,-0.550718691689074,-0.498713013052459
"800941",1.28266064910506,0.0166053358482492,-0.372658240814834,-0.782734256580476,0.297204179884237,0.338993756990684
"802844",2.78178502397505,-1.98012465623463,0.849954879972973,0.797720173987515,0.22282568596716,-0.218491044914651
"803240",-1.80775470072025,0.202376070167296,-0.976261706457561,-2.89961218878267,-0.236444195832102,0.275653623686855
"814649",0.30301280690029,-0.693206098731216,-1.57155269147642,0.559618545700604,0.189290660762519,-0.623184738118906
"816653",-0.703322422020668,-0.032357004690614,0.596418526550941,0.295041249812775,-0.834319055911604,-0.513686767336981
"820745",-0.686181443292749,0.47325904673228,1.69304604776042,0.00354243493588985,-0.790848035507458,-0.152648157246775
"825048",0.0496662429253937,-0.181037477898992,-0.202038844889709,1.39005069809552,0.245441759601379,-0.918855298955263
"826454",-1.03365220847082,0.209601553662047,-1.02242398333728,-1.25854493441319,1.13319161680693,1.00613896222118
"833148",-0.554272208516267,0.48878541796221,1.46778919361527,-0.361512319738805,0.543035189074395,-0.181107249948173
"833249",-0.511288903676194,0.0119906570427824,1.08209709593648,-0.622200436374501,-1.08525614606748,-0.83087970809854
"837560",0.238900887210714,0.971976925312648,1.42536121742963,1.5215161048654,-0.583804065374387,-1.34265173700932
"837964",-1.07544766735773,1.19981631427368,-2.30137191673692,1.62913430175608,-0.785603204925548,-1.34498068835293
"841349",1.41134392579695,-0.105692586812018,-0.00625916359361495,0.419539438237679,-0.929218457997299,-0.577999597052153
"845458",1.24033301732485,-0.127837565139005,-0.263919072385644,-0.224022518003291,-1.46502369084371,0.55680725543055
"849264",3.07098837775919,-0.837381118239881,-0.24942370857984,-1.03903778129739,0.457373508844253,0.231534776736996
"849971",-0.898558691177568,-0.158830283151047,-0.0078176035093825,-0.347201225947738,2.67984336205308,-0.379471735576461
"852455",0.736892658004137,2.12297341801522,-0.16678641168332,-0.439965261194486,1.98348522927927,-1.63436595427218
"856968",-0.556429165739453,-0.0455014769514111,0.82108918849792,0.354034315810711,-2.10712282119657,-0.613369290033816
"857263",0.223556598047592,-0.615587020362193,2.64809603301415,0.843410749465471,1.34838592990357,1.06153378457009
"859671",0.352594647655113,-0.0958769934602389,-0.56988881709919,0.770110273619118,-0.0997837352501656,-0.0260814171064376
"867468",-1.41163273481312,0.352464178280018,0.746946450314754,0.454659535326167,-2.03597312913744,-0.801316325155988
"870861",0.022386290932797,0.20383155167225,-0.701645142680906,-0.384497716209233,0.0800777458802856,0.428735535018556
"871762",0.361663314579354,-1.09648861805494,-0.229619589194161,2.16527967080932,0.5228505281653,0.191868468261779
"871964",-0.857877729421039,0.72538231405515,0.988939522241188,0.943370129913425,0.337016863283309,-0.280229899613162
"872158",-0.701488199906218,0.338472984166617,0.5268090635142,-0.880298902306311,-0.65252951584039,-0.77499513762515
"872562",-0.485000561083474,0.138406240759202,0.818888799069879,0.454386354989023,-0.442380432745714,0.309511916671976
"873968",-0.784019628273528,0.20971205703265,-0.436192995952913,-0.454910544306079,1.26839020557195,0.190319336174094
"877269",-0.106480965823448,1.18654023282372,0.790872659849876,-1.14388010134238,1.72132597146038,0.140516019138575
"878776",0.340619940394877,-0.807017523937577,0.925658193671416,0.183780871327901,-0.926459554987487,-1.29814164680255
"878877",-0.132021174079019,-0.0980411401821611,2.12889514448447,-0.461355048459165,0.858292064146542,0.446127728633828
"882161",1.38130322278489,-0.619564997027879,0.201835077234244,0.158359687226183,0.932658166607508,0.303101724879466
"891667",-0.376340218564728,-0.0330333350993627,1.9979839348416,0.448311131815033,-0.465185401872106,1.76142516545361
"894067",-2.0369911124105,0.199563227935221,-1.15029175029138,-0.25535530293158,-0.617900253945507,-0.195530158637638
"894673",0.00871664524589288,-0.450326563585027,-1.50476619438083,1.33398846918833,0.287400603623115,0.881965757007533
"894774",-0.905821688585876,-1.72247429983527,0.348841460041095,0.0874796439050518,1.34147952645544,0.439326128872121
"896879",1.66395467172631,-0.883128872326292,-0.951718073270241,-1.53342128564383,0.0238825742647044,0.563742684376158
"898176",-0.17722665846286,0.508863682006134,0.126709543190606,0.061567578211152,-0.0548984065063091,0.290220068312553
"899885",1.98613951653647,0.0686539110834855,-0.448574089707617,-0.952134865965074,-0.884622802766154,0.0239031041042149
"901038",0.568861938784708,-0.196852351793132,-1.38110976629894,-1.59055310143149,-2.14829449967541,-0.0673192543878814
"901442",-0.86216694802785,-0.577965937615057,-0.0865329207311568,-1.5284546385572,-0.79846839158533,1.77744154617538
"907656",2.65405761281833,-0.333054153020477,1.04451714889454,-0.971802373620251,0.192010245133607,0.441286799721919
"910241",0.0199483715761289,0.687224364197472,0.768188556800643,-0.42890166380288,0.950916480270318,0.36210142879209
"912447",2.03567445555827,1.47760303255682,-0.0392822490410346,1.51943488336389,0.837010581443333,1.43449764575105
"917255",-1.1276737633769,0.128154894698441,0.163879327114214,-1.91407873062346,0.695126522261491,-0.15072233674836
"922854",-0.222131317594766,-0.921731808281968,-0.987130107977859,-0.886495556214751,1.24634318969668,0.343787065195007
"923755",0.960623303676971,-1.0656918278005,-0.693734743369303,-1.17308523109877,-0.156479338972672,-1.99826977470439
"926862",0.226642416875999,-0.195548140679207,-1.1943944801577,-0.919342715808828,-0.435933161075643,0.415975590568615
"930449",-0.719286436380152,-0.420266728486959,0.45272509746202,0.590932753881299,-0.788550450243011,0.337214170313569
"932554",1.11040328126913,-0.230030126521932,1.29461429844972,-0.784568033439157,0.456341791781602,0.58657692308342
"942658",-0.764569628131411,0.131768594887861,-1.20496208529548,1.07954127831958,0.252695607146902,0.703357890456775
"947668",-0.146873967145567,1.85357341780933,1.79396577439993,1.1432426585851,-0.887314293858414,-0.133445225783053
"951457",-0.745431348097174,0.020259542085144,0.0803203281800408,0.125126560080478,0.878266204262089,-2.26576048539537
"952863",-0.765860706451136,0.694048760947167,0.0544602556451595,-0.420195049032632,-0.0135225384919672,0.421236330060268
"955465",1.1344170024682,-0.36948845277314,0.658558200724867,-0.467414908102539,0.282608773064937,0.134566178657287
"959574",-0.888102000834832,0.776260431228595,-0.0698779802782491,-0.150479008053047,-0.229512716650904,0.111671316008912
"965771",1.47311333660007,-0.318153061032069,0.760462805256914,-0.539214693038088,-0.352737463300394,2.09669120790452
"971160",-1.07200724669482,1.78039487460237,0.861000673070223,0.892895126000494,-0.734195450913116,0.632139067858867
"978578",0.839984557653287,0.875290635688749,0.95804344005251,0.240163820853364,-0.418277160086145,0.502616506168012
"979984",0.540917808958821,0.838523512787927,-1.34448929200089,1.84735027862116,-1.35559037083171,0.788593343465046
"983773",0.139642732677788,0.269413409906134,1.0942781633141,-0.0107026059370723,-2.11128754685684,-0.143678353001941
"990366",-0.117292392086199,-0.0953036504569571,0.898816261472848,0.816865261995481,0.214699355119381,-0.655917998239856
"991267",0.907670526519031,0.240034920891213,-0.567824339608029,-0.136434634597388,1.19370068824263,-0.881181750511207
"993675",-0.65367574389237,0.490340481353185,0.294975141694705,0.0299015791489097,0.262120165518873,-0.44804636557297
"996782",0.308448308778093,-0.13472548854023,-0.405645063564281,-1.40162261239392,-0.170822578630336,0.184623329823717
