"Subject","AngAffect_Unadj","AngHostil_Unadj","AngAggr_Unadj","FearAffect_Unadj","FearSomat_Unadj","Sadness_Unadj"
"100307",-0.573259052924822,11.0392757660167,-6.38690807799401,2.97688022284096,-4.60445682451248,6.99359331476316
"100408",2.52627986348118,-7.23754266211601,5.83071672354909,6.04914675767903,2.94402730375417,3.67679180887364
"100610",-0.573720136518771,-0.937542662116039,-10.6692832764505,0.549146757679183,3.54402730375426,-2.02320819112628
"101006",11.5267409470752,-0.760724233983287,0.0130919220055675,-1.62311977715878,-11.7044568245125,2.29359331476323
"101309",-9.77372013651877,-13.437542662116,0.230716723549487,-5.75085324232082,-11.6559726962457,-7.72320819112628
"101915",-3.57325905292479,-9.26072423398329,11.0130919220056,-1.92311977715877,1.19554317548747,-3.70640668523677
"102008",2.12627986348123,-9.13754266211604,3.73071672354949,3.84914675767918,14.2440273037543,-1.52320819112628
"102311",-8.37325905292479,-0.860724233983288,-6.38690807799443,-6.02311977715878,-7.00445682451254,4.59359331476323
"102513",3.72627986348123,-13.437542662116,2.93071672354949,0.249146757679178,2.54402730375426,3.67679180887372
"102816",8.42674094707521,-13.1607242339833,-6.38690807799443,0.476880222841224,-0.00445682451253712,-0.306406685236768
"103111",2.02627986348123,-13.437542662116,-4.26928327645051,0.549146757679183,-6.95597269624574,-0.423208191126283
"103414",-3.27325905292479,-2.06072423398328,-6.38690807799443,-1.92311977715877,-1.30445682451253,-4.70640668523677
"103515",20.4267409470752,21.1392757660167,24.4130919220056,0.276880222841229,8.79554317548747,6.49359331476323
"103818",2.32674094707521,-3.76072423398329,-6.38690807799443,1.97688022284122,-5.50445682451254,3.49359331476323
"104012",-3.67325905292479,-2.66072423398329,0.0130919220055675,-0.223119777158771,-7.00445682451254,-1.40640668523677
"104416",0.926740947075208,-11.7607242339833,-6.38690807799443,0.276880222841229,-7.00445682451254,-2.50640668523677
"104820",9.62674094707521,-13.1607242339833,0.0130919220055675,-6.42311977715877,-11.7044568245125,-0.306406685236768
"105014",-4.67325905292479,-4.36072423398329,-6.38690807799443,0.476880222841224,-11.7044568245125,-4.50640668523677
"105115",3.72627986348123,2.26245733788396,3.43071672354949,2.14914675767918,4.14402730375427,8.77679180887372
"105216",6.22627986348123,-1.63754266211604,-3.26928327645051,8.94914675767918,5.04402730375426,8.97679180887372
"105923",-5.57325905292479,-0.46072423398329,8.11309192200557,-1.32311977715877,-0.804456824512534,-7.30640668523677
"106319",8.92627986348123,-2.03754266211604,-10.6692832764505,12.4491467576792,4.14402730375427,17.1767918088737
"106521",-15.4732590529248,8.83927576601671,6.71309192200557,-3.72311977715877,-1.40445682451254,-0.706406685236766
"107018",0.526740947075209,-8.86072423398329,-6.38690807799443,-4.22311977715877,-0.304456824512534,-4.70640668523677
"107321",0.226740947075212,-3.56072423398328,10.2130919220056,-1.32311977715877,5.59554317548746,-2.80640668523677
"107422",-2.97372013651877,-3.73754266211604,-10.6692832764505,2.14914675767918,-6.95597269624574,-6.62320819112628
"107725",6.62674094707521,0.639275766016712,-6.38690807799443,9.67688022284123,2.99554317548746,7.89359331476323
"108121",1.52674094707521,2.33927576601671,-6.38690807799443,0.276880222841229,4.39554317548747,3.49359331476323
"108222",0.126279863481232,-2.43754266211604,2.93071672354949,4.84914675767918,-5.25597269624573,-0.123208191126279
"108525",-1.97372013651877,-13.437542662116,7.13071672354949,-3.75085324232082,0.344027303754268,1.87679180887372
"108828",16.6262798634812,23.562457337884,9.03071672354949,21.3491467576792,11.5440273037543,19.5767918088737
"109123",3.02627986348123,11.762457337884,13.7307167235495,-0.0508532423208188,1.24402730375427,2.27679180887372
"109325",-12.0737201365188,-7.23754266211604,-4.26928327645051,-8.65085324232082,11.6440273037543,-12.0232081911263
"110411",-3.87372013651877,-5.03754266211604,-10.6692832764505,-0.0508532423208188,-5.35597269624573,-12.0232081911263
"111009",9.82674094707521,1.93927576601672,-6.38690807799443,4.77688022284123,-5.50445682451254,3.49359331476323
"111413",9.32674094707521,11.4392757660167,-6.38690807799443,6.77688022284123,6.19554317548747,14.0935933147632
"111514",-3.87372013651877,5.46245733788396,6.53071672354949,-7.85085324232082,2.64402730375427,-12.0232081911263
"112516",4.72674094707521,-4.66072423398329,-6.38690807799443,5.07688022284123,-5.50445682451254,-3.00640668523677
"112920",-0.573720136518771,4.16245733788396,-4.26928327645051,-7.55085324232082,-11.6559726962457,5.07679180887372
"113215",16.4267409470752,9.63927576601671,9.81309192200557,7.37688022284122,7.79554317548747,7.09359331476323
"113619",4.62674094707521,-13.1607242339833,-6.38690807799443,3.27688022284123,-5.40445682451254,1.79359331476323
"113922",2.82627986348123,6.56245733788396,-1.86928327645051,-3.05085324232082,-11.6559726962457,-0.423208191126283
"114217",-11.8732590529248,-13.1607242339833,-6.38690807799443,-18.0231197771588,-11.7044568245125,-12.2064066852368
"114318",5.92674094707521,-3.96072423398329,-6.38690807799443,9.57688022284123,8.19554317548747,1.79359331476323
"114419",7.02627986348123,4.76245733788396,-1.86928327645051,-0.0508532423208188,3.04402730375426,-12.0232081911263
"114621",-1.57372013651877,-0.0375426621160407,17.9307167235495,-7.55085324232082,-11.6559726962457,-2.62320819112628
"114823",-0.373259052924789,-4.76072423398329,2.41309192200557,-0.723119777158771,4.99554317548746,-0.706406685236766
"115017",-6.07325905292479,-4.96072423398329,-6.38690807799443,0.276880222841229,9.59554317548746,-7.50640668523677
"115219",-2.37372013651877,10.262457337884,-0.869283276450508,8.94914675767918,-1.35597269624573,6.47679180887372
"115320",1.22674094707521,3.23927576601671,-6.38690807799443,-4.92311977715877,-11.7044568245125,-2.80640668523677
"115825",-3.07372013651877,1.36245733788396,-0.369283276450508,-3.05085324232082,-0.855972696245734,4.97679180887372
"116524",28.7262798634812,8.76245733788396,15.2307167235495,5.34914675767918,9.64402730375427,7.87679180887372
"117122",0.0267409470752092,-2.06072423398328,7.01309192200557,-15.0231197771588,-11.7044568245125,-4.10640668523677
"117324",-18.8732590529248,-13.1607242339833,-6.38690807799443,1.97688022284122,5.69554317548747,-12.2064066852368
"117930",-3.67325905292479,0.939275766016716,2.41309192200557,-9.42311977715877,-2.00445682451254,-7.90640668523677
"118023",0.626740947075211,-4.86072423398329,0.0130919220055675,-4.22311977715877,-5.50445682451254,-7.40640668523677
"118124",-18.8732590529248,-0.96072423398329,-6.38690807799443,-7.62311977715878,-11.7044568245125,-12.2064066852368
"118225",-8.37372013651877,-0.237542662116044,-1.86928327645051,-5.75085324232082,-11.6559726962457,-12.0232081911263
"118730",6.22627986348123,4.76245733788396,11.7307167235495,2.14914675767918,4.74402730375427,-0.123208191126279
"118932",-2.97372013651877,7.26245733788396,14.1307167235495,2.84914675767918,7.04402730375426,-0.123208191126279
"120111",-15.8732590529248,-0.860724233983288,-6.38690807799443,-9.12311977715878,-7.00445682451254,-3.10640668523677
"120212",4.32674094707521,-0.660724233983286,-6.38690807799443,8.87688022284122,5.69554317548747,1.79359331476323
"120717",0.0267409470752092,-3.76072423398329,6.01309192200557,2.77688022284123,7.79554317548747,4.79359331476323
"121416",-7.47372013651877,-13.437542662116,15.3307167235495,0.249146757679178,-6.95597269624574,-0.423208191126283
"121618",8.82627986348123,6.86245733788396,5.03071672354949,8.54914675767918,8.34402730375427,5.47679180887372
"121921",7.02627986348123,3.66245733788396,-4.26928327645051,2.84914675767918,9.34402730375427,-3.62320819112628
"122317",2.82627986348123,3.46245733788396,1.73071672354949,2.34914675767918,-1.25597269624573,-1.22320819112628
"122822",2.82674094707521,3.23927576601671,-6.38690807799443,3.47688022284122,-7.00445682451254,6.89359331476323
"123117",-0.273720136518774,4.36245733788396,0.230716723549487,-2.15085324232082,11.4440273037543,-0.523208191126278
"123420",-1.87325905292479,2.63927576601671,3.91309192200557,19.6768802228412,27.5955431754875,17.1935933147632
"123521",13.0262798634812,-6.63754266211604,-10.6692832764505,16.6491467576792,2.64402730375427,6.27679180887372
"123723",4.12674094707521,7.13927576601671,-6.38690807799443,1.97688022284122,-5.50445682451254,5.29359331476323
"123925",-7.77325905292479,4.73927576601671,-6.38690807799443,-1.02311977715878,-5.40445682451254,-1.60640668523677
"124220",-3.57372013651877,-9.23754266211604,-1.86928327645051,-5.15085324232082,3.54402730375426,-1.52320819112628
"124624",-3.27325905292479,-8.96072423398329,9.31309192200557,-18.0231197771588,-0.104456824512531,-6.80640668523677
"124826",0.0267409470752092,-13.1607242339833,0.0130919220055675,0.276880222841229,-7.00445682451254,8.59359331476323
"125525",5.62674094707521,-2.96072423398329,-6.38690807799443,-4.62311977715878,-0.504456824512537,-0.50640668523677
"126325",-18.8732590529248,-4.76072423398329,-6.38690807799443,-14.4231197771588,5.09554317548746,-12.2064066852368
"126628",-0.273720136518774,-4.53754266211604,-10.6692832764505,-0.250853242320822,8.34402730375427,-3.82320819112628
"127226",5.32627986348123,12.962457337884,11.6307167235495,4.64914675767918,1.84402730375427,-0.123208191126279
"127630",3.12674094707521,-0.160724233983286,6.01309192200557,7.37688022284122,-1.30445682451253,-0.806406685236768
"127731",-5.17325905292479,-13.1607242339833,-6.38690807799443,-8.02311977715878,-11.7044568245125,-2.20640668523677
"127832",-5.07325905292479,-13.1607242339833,-6.38690807799443,-4.62311977715878,-11.7044568245125,-1.50640668523677
"127933",10.9262798634812,-13.437542662116,4.13071672354949,5.34914675767918,-0.755972696245733,1.97679180887372
"128127",3.32674094707521,1.73927576601671,-6.38690807799443,-4.22311977715877,1.09554317548746,-0.306406685236768
"128632",-8.77325905292479,-1.76072423398329,-6.38690807799443,-8.22311977715877,-11.7044568245125,-12.2064066852368
"128935",-2.47372013651877,1.46245733788396,-10.6692832764505,0.249146757679178,2.94402730375427,-0.623208191126279
"129028",-1.27372013651877,-2.83754266211604,8.33071672354949,-6.55085324232082,6.74402730375427,-4.42320819112628
"129129",11.5267409470752,9.83927576601671,-6.38690807799443,8.87688022284122,12.7955431754875,6.89359331476323
"129331",2.82674094707521,-2.66072423398329,5.21309192200557,2.67688022284123,2.59554317548746,3.49359331476323
"130013",-0.573720136518771,3.46245733788396,7.93071672354949,1.64914675767918,-6.95597269624574,-7.72320819112628
"130114",-11.4737201365188,-13.437542662116,-10.6692832764505,-3.05085324232082,1.64402730375427,-12.0232081911263
"130316",3.92674094707521,8.33927576601671,2.41309192200557,2.37688022284122,-5.30445682451253,-2.80640668523677
"130417",-3.27372013651877,3.76245733788396,-10.6692832764505,2.14914675767918,0.44402730375427,1.87679180887372
"130619",0.926740947075208,0.739275766016713,-6.38690807799443,4.57688022284123,9.69554317548747,1.79359331476323
"130821",-1.57325905292479,-3.36072423398329,3.31309192200557,-0.523119777158776,-11.7044568245125,4.59359331476323
"130922",1.12674094707521,-0.860724233983288,-6.38690807799443,2.77688022284123,4.09554317548746,1.79359331476323
"131217",2.32674094707521,-1.76072423398329,-6.38690807799443,4.87688022284122,-7.00445682451254,3.49359331476323
"131419",-4.77325905292479,-6.16072423398329,-6.38690807799443,1.97688022284122,2.99554317548746,-0.806406685236768
"131722",15.2267409470752,10.3392757660167,7.01309192200557,20.4768802228412,21.2955431754875,15.9935933147632
"131924",-19.4737201365188,-8.63754266211604,-1.86928327645051,-5.45085324232082,8.74402730375427,-3.92320819112628
"132017",-2.87325905292479,9.43927576601672,13.8130919220056,-13.7231197771588,-11.7044568245125,4.79359331476323
"133019",-4.47325905292479,-13.1607242339833,-6.38690807799443,-7.82311977715877,-7.00445682451254,-0.606406685236772
"133625",-5.27372013651877,3.56245733788396,6.93071672354949,-0.0508532423208188,5.64402730375427,-1.42320819112628
"133827",-5.47372013651877,-13.437542662116,-1.66928327645051,-3.15085324232082,-11.6559726962457,-3.22320819112628
"133928",-3.27372013651877,1.46245733788396,3.93071672354949,-4.75085324232082,-5.35597269624573,3.67679180887372
"134324",-5.07372013651877,-13.437542662116,22.1307167235495,-3.05085324232082,9.94402730375427,-5.22320819112628
"134425",-10.2732590529248,-7.46072423398329,-6.38690807799443,-11.5231197771588,-7.00445682451254,-12.2064066852368
"135225",9.42674094707521,0.839275766016714,2.71309192200557,7.07688022284123,5.09554317548746,2.99359331476323
"135528",-3.27325905292479,-4.76072423398329,-6.38690807799443,3.97688022284122,-11.7044568245125,-0.306406685236768
"135730",-3.17372013651877,6.66245733788396,9.33071672354949,8.94914675767918,9.24402730375427,3.57679180887372
"135932",0.0267409470752092,7.63927576601671,-6.38690807799443,-1.92311977715877,-2.00445682451254,-0.306406685236768
"136227",2.92627986348123,-0.737542662116044,-2.86928327645051,4.64914675767918,4.94402730375427,1.97679180887372
"136732",-10.0732590529248,-9.26072423398329,0.0130919220055675,-18.0231197771588,8.29554317548747,-12.2064066852368
"136833",-2.47372013651877,-13.437542662116,-10.6692832764505,-0.0508532423208188,4.14402730375427,-5.02320819112628
"137027",-11.0737201365188,-2.93754266211604,-10.6692832764505,-16.1508532423208,-11.6559726962457,-12.0232081911263
"137128",-0.673259052924794,-13.1607242339833,-6.38690807799443,-6.62311977715878,-7.00445682451254,-0.306406685236768
"137229",-6.57372013651877,9.56245733788396,-10.6692832764505,-1.85085324232082,-5.35597269624573,1.97679180887372
"137633",-0.973259052924791,-9.26072423398329,-6.38690807799443,-1.92311977715877,6.39554317548747,-3.90640668523677
"137936",-19.4737201365188,-3.23754266211604,9.93071672354949,-16.1508532423208,-11.6559726962457,-12.0232081911263
"138231",4.52674094707521,1.33927576601671,-6.38690807799443,0.476880222841224,8.49554317548746,-1.70640668523677
"138534",-11.8737201365188,-8.63754266211604,-10.6692832764505,-16.1508532423208,-11.6559726962457,-12.0232081911263
"139839",2.02627986348123,-2.03754266211604,4.33071672354949,0.549146757679183,2.94402730375427,4.67679180887372
"140824",3.72627986348123,-2.23754266211604,24.6307167235495,11.2491467576792,17.7440273037543,3.67679180887372
"140925",20.1267409470752,13.1392757660167,11.8130919220056,19.8768802228412,8.29554317548747,17.5935933147632
"141119",0.726279863481226,2.16245733788396,9.43071672354949,4.04914675767918,-4.75597269624573,-12.0232081911263
"141422",-1.47325905292479,9.23927576601671,8.71309192200557,-4.72311977715877,-7.00445682451254,-2.60640668523677
"142828",6.52627986348123,-7.63754266211604,2.83071672354949,-3.05085324232082,4.74402730375427,-0.423208191126283
"143325",-3.17325905292479,17.2392757660167,5.91309192200557,5.07688022284123,2.59554317548746,2.99359331476323
"144428",12.6262798634812,7.56245733788396,8.43071672354949,6.94914675767918,-0.0559726962457301,23.2767918088737
"144731",3.52674094707521,0.339275766016714,-6.38690807799443,4.77688022284123,10.2955431754875,-1.60640668523677
"144832",0.0267409470752092,-6.46072423398329,-6.38690807799443,-4.22311977715877,-2.90445682451254,-3.40640668523677
"145834",-1.47325905292479,-13.1607242339833,12.3130919220056,9.77688022284123,-11.7044568245125,1.69359331476323
"146331",-18.8732590529248,9.33927576601671,19.8130919220056,-18.0231197771588,-11.7044568245125,-12.2064066852368
"146432",0.426279863481229,-13.437542662116,-10.6692832764505,-16.1508532423208,-11.6559726962457,-12.0232081911263
"146937",1.22674094707521,-0.860724233983288,1.01309192200557,-7.22311977715877,14.9955431754875,-0.306406685236768
"147636",13.2267409470752,-2.66072423398329,-6.38690807799443,2.77688022284123,-0.00445682451253712,1.79359331476323
"148032",-10.0732590529248,-13.1607242339833,-6.38690807799443,-4.92311977715877,-5.30445682451253,-6.80640668523677
"148133",7.52674094707521,13.8392757660167,1.41309192200557,4.87688022284122,7.59554317548746,8.59359331476323
"148335",8.32674094707521,1.33927576601671,6.01309192200557,1.97688022284122,7.89554317548747,-3.10640668523677
"148941",0.926279863481229,-1.03754266211604,-4.26928327645051,3.04914675767918,4.94402730375427,-7.32320819112628
"149236",2.42674094707521,4.53927576601671,-6.38690807799443,6.77688022284123,4.09554317548746,7.89359331476323
"149337",-2.47372013651877,-2.03754266211604,-4.26928327645051,-5.05085324232082,-11.6559726962457,1.87679180887372
"149539",0.0262798634812304,4.96245733788396,-10.6692832764505,6.74914675767918,10.6440273037543,-2.72320819112628
"149741",-10.8737201365188,-2.93754266211604,-10.6692832764505,-7.95085324232082,-6.95597269624574,-7.32320819112628
"149842",-3.27325905292479,5.73927576601671,0.0130919220055675,-0.123119777158777,-5.40445682451254,2.99359331476323
"150726",1.72627986348123,1.46245733788396,-10.6692832764505,4.64914675767918,7.84402730375427,8.07679180887372
"151223",13.6267409470752,12.8392757660167,-6.38690807799443,13.9768802228412,10.9955431754875,8.59359331476323
"151324",1.72627986348123,17.762457337884,15.5307167235495,6.94914675767918,11.0440273037543,-1.22320819112628
"151425",2.02674094707521,14.6392757660167,-6.38690807799443,-1.92311977715877,-0.00445682451253712,-0.306406685236768
"151526",19.1262798634812,23.562457337884,-0.369283276450508,22.2491467576792,15.2440273037543,23.2767918088737
"151627",-7.27325905292479,1.43927576601672,2.41309192200557,-11.5231197771588,-11.7044568245125,-12.2064066852368
"151829",2.82674094707521,1.53927576601671,-6.38690807799443,4.17688022284123,8.09554317548746,4.59359331476323
"152225",0.326279863481228,-13.437542662116,-1.86928327645051,-3.05085324232082,5.14402730375427,-3.22320819112628
"152831",9.02627986348123,11.762457337884,-10.6692832764505,10.7491467576792,-6.45597269624574,15.9767918088737
"153025",0.426740947075208,8.63927576601671,16.4130919220056,0.276880222841229,11.9955431754875,-2.20640668523677
"153429",6.32627986348123,-13.437542662116,6.93071672354949,16.5491467576792,3.64402730375427,10.3767918088737
"153631",9.52674094707521,7.13927576601671,-6.38690807799443,15.9768802228412,6.69554317548747,14.0935933147632
"153833",7.32674094707521,1.63927576601671,13.0130919220056,-1.62311977715878,-11.7044568245125,1.69359331476323
"154229",-7.07325905292479,14.8392757660167,6.81309192200557,12.3768802228412,-0.00445682451253712,2.09359331476323
"154330",0.326279863481228,1.86245733788396,4.33071672354949,-0.0508532423208188,-1.25597269624573,-7.32320819112628
"154431",-18.8732590529248,-13.1607242339833,-6.38690807799443,-18.0231197771588,-6.50445682451254,-12.2064066852368
"154532",3.72627986348123,-1.13754266211604,15.5307167235495,5.34914675767918,8.34402730375427,-3.82320819112628
"154734",-12.6737201365188,-13.437542662116,-10.6692832764505,-2.15085324232082,-1.35597269624573,-7.22320819112628
"154835",-2.47325905292479,8.23927576601671,10.1130919220056,0.276880222841229,-1.60445682451253,1.79359331476323
"154936",21.9262798634812,18.162457337884,10.1307167235495,19.4491467576792,-1.45597269624574,12.5767918088737
"155938",-11.1737201365188,-13.437542662116,-10.6692832764505,1.54914675767918,1.14402730375427,-1.52320819112628
"156233",-3.27325905292479,-4.96072423398329,20.8130919220056,-10.8231197771588,2.49554317548746,-2.60640668523677
"156334",1.22674094707521,-9.26072423398329,-6.38690807799443,-3.72311977715877,-1.30445682451253,-0.806406685236768
"156637",15.7262798634812,10.362457337884,-2.86928327645051,10.6491467576792,-5.25597269624573,10.0767918088737
"157336",1.52674094707521,-13.1607242339833,0.0130919220055675,0.276880222841229,4.09554317548746,1.69359331476323
"157437",-1.47325905292479,6.83927576601671,2.41309192200557,-8.02311977715878,7.19554317548747,-3.60640668523677
"157942",3.42674094707521,4.03927576601671,-6.38690807799443,3.97688022284122,5.59554317548746,11.1935933147632
"158035",7.42674094707521,-8.86072423398329,-6.38690807799443,-2.32311977715877,-11.7044568245125,6.99359331476323
"158136",6.62627986348123,8.16245733788396,8.43071672354949,14.2491467576792,-1.55597269624573,15.9767918088737
"158338",3.72627986348123,6.96245733788396,6.53071672354949,5.04914675767918,4.14402730375427,-0.123208191126279
"158540",0.52627986348123,5.86245733788396,-2.26928327645051,-9.05085324232082,-6.95597269624574,-12.0232081911263
"159138",-10.2737201365188,-13.437542662116,-10.6692832764505,-6.35085324232082,-6.95597269624574,-12.0232081911263
"159239",-18.8732590529248,4.23927576601671,-6.38690807799443,-18.0231197771588,-11.7044568245125,-12.2064066852368
"159340",-11.5737201365188,-13.437542662116,1.73071672354949,-11.4508532423208,-11.6559726962457,-12.0232081911263
"159441",8.62674094707521,-9.26072423398329,2.71309192200557,10.6768802228412,21.6955431754875,4.39359331476323
"160123",3.12627986348123,-9.13754266211604,-10.6692832764505,1.54914675767918,3.04402730375426,1.97679180887372
"160729",6.32674094707521,1.73927576601671,3.31309192200557,9.57688022284123,23.9955431754875,-0.706406685236766
"161327",9.42674094707521,11.2392757660167,22.1130919220056,1.27688022284123,-11.7044568245125,5.29359331476323
"161731",-2.87325905292479,3.23927576601671,2.41309192200557,0.276880222841229,5.69554317548747,-12.2064066852368
"162026",-12.8732590529248,0.53927576601671,-6.38690807799443,-18.0231197771588,-11.7044568245125,-12.2064066852368
"162228",-16.4737201365188,-13.437542662116,-10.6692832764505,-11.1508532423208,-11.6559726962457,-12.0232081911263
"162329",-15.8732590529248,-6.96072423398329,-6.38690807799443,-11.3231197771588,-11.7044568245125,-12.2064066852368
"162935",5.92627986348123,-2.03754266211604,-10.6692832764505,2.14914675767918,-6.95597269624574,8.77679180887372
"163129",0.326279863481228,-6.43754266211604,-10.6692832764505,10.7491467576792,-1.25597269624573,4.77679180887372
"163331",0.326279863481228,-1.63754266211604,7.73071672354949,-16.1508532423208,-2.85597269624573,-0.323208191126282
"163836",3.82674094707521,8.63927576601671,15.7130919220056,0.276880222841229,0.495543175487463,-0.306406685236768
"164030",-2.17372013651877,-13.437542662116,-10.6692832764505,-6.45085324232082,-11.6559726962457,-7.72320819112628
"164131",4.32627986348123,10.662457337884,1.73071672354949,-3.35085324232082,1.74402730375427,3.17679180887372
"164636",-3.67372013651877,-7.23754266211604,-0.869283276450508,-5.25085324232082,3.44402730375427,1.87679180887372
"164939",3.62674094707521,12.5392757660167,-6.38690807799443,9.77688022284123,-11.7044568245125,30.0935933147632
"165032",12.1262798634812,4.66245733788396,5.13071672354949,2.14914675767918,1.94402730375427,-0.123208191126279
"165638",-10.2737201365188,-2.43754266211604,-10.6692832764505,-7.65085324232082,-1.95597269624574,-12.0232081911263
"165840",3.92627986348123,4.36245733788396,9.83071672354949,3.04914675767918,4.54402730375426,2.47679180887372
"166640",0.926279863481229,9.46245733788396,14.7307167235495,-3.35085324232082,2.44402730375427,-0.523208191126278
"167036",0.0267409470752092,-6.96072423398329,-6.38690807799443,-1.32311977715877,-11.7044568245125,-4.90640668523677
"167743",2.52674094707521,2.93927576601672,2.41309192200557,0.276880222841229,1.19554317548747,1.69359331476323
"168240",14.1262798634812,8.46245733788396,27.3307167235495,3.14914675767918,6.44402730375427,15.7767918088737
"168341",1.52627986348123,-7.23754266211604,-10.6692832764505,-9.15085324232082,-6.95597269624574,-12.0232081911263
"169040",1.02627986348123,7.16245733788396,14.1307167235495,5.34914675767918,13.3440273037543,4.97679180887372
"169343",1.32674094707521,-3.96072423398329,-6.38690807799443,3.47688022284122,14.5955431754875,11.0935933147632
"169444",11.3267409470752,-6.46072423398329,5.21309192200557,15.9768802228412,5.99554317548746,1.19359331476323
"171330",-1.97372013651877,2.16245733788396,-10.6692832764505,1.54914675767918,-0.355972696245734,1.37679180887372
"171532",11.5267409470752,9.83927576601671,20.0130919220056,14.7768802228412,2.09554317548746,12.3935933147632
"171633",0.926279863481229,20.962457337884,-10.6692832764505,-7.55085324232082,-0.0559726962457301,17.9767918088737
"172029",1.72627986348123,12.862457337884,5.03071672354949,9.24914675767918,10.1440273037543,3.67679180887372
"172130",6.02627986348123,-3.33754266211604,-10.6692832764505,5.34914675767918,-1.95597269624574,1.37679180887372
"172332",-18.8732590529248,-0.760724233983287,-6.38690807799443,-4.92311977715877,-11.7044568245125,-0.306406685236768
"172534",-5.27325905292479,7.93927576601672,-6.38690807799443,-18.0231197771588,-11.7044568245125,-12.2064066852368
"172938",-7.17325905292479,-2.66072423398329,7.01309192200557,-4.22311977715877,6.59554317548746,-12.2064066852368
"173334",-2.97372013651877,5.06245733788396,-0.869283276450508,2.14914675767918,0.644027303754266,-0.623208191126279
"173435",-0.473259052924791,-9.26072423398329,2.41309192200557,-1.32311977715877,1.19554317548747,-0.306406685236768
"173536",11.9267409470752,0.239275766016713,-6.38690807799443,8.77688022284123,-1.40445682451254,6.09359331476323
"173637",-12.9732590529248,-13.1607242339833,-6.38690807799443,-1.62311977715878,-5.30445682451253,-12.2064066852368
"173940",-0.273259052924788,2.23927576601671,2.41309192200557,0.276880222841229,6.49554317548746,2.99359331476323
"174437",5.72674094707521,5.33927576601671,-6.38690807799443,8.77688022284123,-0.104456824512531,7.09359331476323
"174841",-15.3737201365188,-13.437542662116,-10.6692832764505,-16.1508532423208,-5.25597269624573,-12.0232081911263
"175237",-2.37325905292479,-4.56072423398328,-6.38690807799443,-6.62311977715878,-7.00445682451254,-0.306406685236768
"175338",0.0267409470752092,-4.86072423398329,13.5130919220056,-4.92311977715877,-11.7044568245125,-5.20640668523677
"175439",11.5267409470752,14.8392757660167,-6.38690807799443,7.37688022284122,-1.40445682451254,15.7935933147632
"175540",-0.373720136518768,-0.737542662116044,-1.86928327645051,-16.1508532423208,1.64402730375427,-4.32320819112628
"175742",-5.07325905292479,3.23927576601671,0.0130919220055675,-10.8231197771588,5.09554317548746,-12.2064066852368
"176037",2.32674094707521,4.73927576601671,0.0130919220055675,-1.92311977715877,-0.104456824512531,3.49359331476323
"176542",-3.07325905292479,-6.96072423398329,12.2130919220056,-15.0231197771588,-11.7044568245125,-12.2064066852368
"177645",6.42674094707521,-4.76072423398329,3.41309192200557,3.07688022284123,-0.00445682451253712,5.29359331476323
"178142",-7.17325905292479,4.13927576601671,9.91309192200557,-18.0231197771588,1.79554317548747,-12.2064066852368
"178243",-7.47372013651877,8.06245733788396,-1.46928327645051,-3.85085324232082,-0.0559726962457301,-4.02320819112628
"178748",1.72627986348123,6.76245733788396,2.53071672354949,-5.05085324232082,-11.6559726962457,-3.22320819112628
"178950",19.1262798634812,9.36245733788396,-10.6692832764505,6.94914675767918,-11.6559726962457,15.9767918088737
"179245",2.02674094707521,-13.1607242339833,23.9130919220056,4.77688022284123,-11.7044568245125,11.1935933147632
"179346",-5.07325905292479,-13.1607242339833,-6.38690807799443,-4.22311977715877,-7.00445682451254,-0.306406685236768
"180129",37.9267409470752,24.2392757660167,33.3130919220056,33.9768802228412,35.6955431754875,30.4935933147632
"180432",5.32674094707521,-6.16072423398329,-6.38690807799443,3.17688022284123,4.19554317548747,-2.80640668523677
"180735",-1.07325905292479,-13.1607242339833,-6.38690807799443,-4.92311977715877,-11.7044568245125,-0.306406685236768
"180937",2.22627986348123,5.36245733788396,7.93071672354949,4.64914675767918,2.44402730375427,9.27679180887372
"181636",-4.17325905292479,-6.96072423398329,-6.38690807799443,5.57688022284123,-0.104456824512531,-12.2064066852368
"182436",0.0267409470752092,10.6392757660167,5.21309192200557,3.87688022284122,-7.00445682451254,-0.706406685236766
"182739",-3.27325905292479,-6.96072423398329,-6.38690807799443,-3.72311977715877,4.09554317548746,1.69359331476323
"183034",-12.7737201365188,7.96245733788396,13.3307167235495,-10.7508532423208,-11.6559726962457,-12.0232081911263
"185139",-18.8732590529248,-0.760724233983287,-6.38690807799443,3.97688022284122,-7.00445682451254,-12.2064066852368
"185341",6.52674094707521,2.93927576601672,-6.38690807799443,13.9768802228412,-5.50445682451254,19.3935933147632
"185442",-11.7737201365188,-13.437542662116,0.93071672354949,3.14914675767918,-4.55597269624573,-0.523208191126278
"185846",4.22627986348123,5.06245733788396,7.73071672354949,8.64914675767918,9.54402730375426,7.17679180887372
"185947",3.22674094707521,9.73927576601671,13.8130919220056,12.9768802228412,23.7955431754875,15.8935933147632
"186141",-4.57372013651877,5.46245733788396,2.13071672354949,-3.05085324232082,-11.6559726962457,7.17679180887372
"186444",2.32674094707521,8.53927576601671,8.41309192200557,10.3768802228412,7.89554317548747,13.3935933147632
"187143",2.52627986348123,-2.73754266211604,10.5307167235495,2.14914675767918,5.64402730375427,1.37679180887372
"187345",-4.47325905292479,4.13927576601671,2.71309192200557,0.276880222841229,1.69554317548747,-0.306406685236768
"187547",-9.47325905292479,5.33927576601671,2.41309192200557,-9.72311977715877,-11.7044568245125,-12.2064066852368
"187850",-0.573720136518771,-13.437542662116,-10.6692832764505,2.14914675767918,-6.95597269624574,-2.62320819112628
"188347",-18.8732590529248,-0.760724233983287,10.3130919220056,-18.0231197771588,-4.80445682451253,-12.2064066852368
"188549",-2.07372013651877,8.46245733788396,-0.869283276450508,7.44914675767918,4.44402730375427,2.47679180887372
"188751",-0.573720136518771,-13.437542662116,-10.6692832764505,-7.55085324232082,-1.95597269624574,-4.62320819112628
"189349",-6.07325905292479,-7.36072423398329,3.41309192200557,1.97688022284122,9.89554317548747,-4.20640668523677
"189450",5.62627986348123,-1.13754266211604,7.03071672354949,4.84914675767918,-11.6559726962457,8.77679180887372
"190031",9.92674094707521,4.73927576601671,-6.38690807799443,-4.72311977715877,-7.00445682451254,7.89359331476323
"191033",8.92674094707521,-2.66072423398329,5.41309192200557,2.97688022284122,8.19554317548747,-0.306406685236768
"191235",-3.87372013651877,-7.63754266211604,1.73071672354949,-7.35085324232082,-6.45597269624574,-12.0232081911263
"191336",12.5262798634812,-13.437542662116,4.53071672354949,10.7491467576792,-11.6559726962457,1.87679180887372
"191437",9.42674094707521,6.23927576601671,0.0130919220055675,6.77688022284123,11.9955431754875,8.59359331476323
"192035",-6.27325905292479,-13.1607242339833,-6.38690807799443,-15.0231197771588,-5.40445682451254,-7.50640668523677
"192439",16.9267409470752,2.83927576601671,2.21309192200557,18.4768802228412,-2.00445682451254,18.6935933147632
"192540",-18.8732590529248,-7.36072423398329,-6.38690807799443,3.07688022284123,6.49554317548746,-7.50640668523677
"192641",-4.47325905292479,3.23927576601671,12.2130919220056,-7.22311977715877,-11.7044568245125,-8.30640668523677
"192843",6.32627986348123,-2.03754266211604,-4.26928327645051,2.14914675767918,6.74402730375427,5.07679180887372
"193239",-2.97325905292479,10.4392757660167,-6.38690807799443,0.276880222841229,-11.7044568245125,-0.906406685236769
"194140",-4.97325905292479,1.63927576601671,-6.38690807799443,-4.02311977715878,-5.40445682451254,4.39359331476323
"194645",3.92627986348123,5.46245733788396,6.73071672354949,2.14914675767918,5.04402730375426,5.07679180887372
"194746",-8.07372013651877,4.56245733788396,-2.26928327645051,2.64914675767918,0.94402730375427,-12.0232081911263
"195041",-11.0732590529248,-13.1607242339833,6.61309192200557,-13.0231197771588,2.29554317548747,-1.60640668523677
"195445",8.22674094707521,10.8392757660167,7.11309192200557,8.67688022284123,8.19554317548747,4.89359331476323
"195647",9.62674094707521,10.4392757660167,-6.38690807799443,6.57688022284123,9.29554317548747,11.0935933147632
"195950",-8.47372013651877,7.16245733788396,4.83071672354949,4.64914675767918,-4.65597269624573,-12.0232081911263
"196144",9.62674094707521,14.6392757660167,7.01309192200557,8.67688022284123,1.69554317548747,8.59359331476323
"196750",4.52674094707521,3.93927576601672,0.0130919220055675,5.07688022284123,12.0955431754875,13.8935933147632
"197348",-1.17325905292479,1.13927576601671,-6.38690807799443,2.77688022284123,6.69554317548747,-0.306406685236768
"197550",17.5267409470752,13.2392757660167,4.51309192200557,9.97688022284122,-5.50445682451254,30.4935933147632
"198350",0.826279863481228,2.26245733788396,-10.6692832764505,-3.05085324232082,-1.25597269624573,-2.62320819112628
"198451",10.8262798634812,4.66245733788396,-2.86928327645051,15.8491467576792,6.14402730375427,17.7767918088737
"198653",6.82627986348123,9.56245733788396,1.03071672354949,-5.15085324232082,9.04402730375426,9.17679180887372
"198855",1.72627986348123,-13.437542662116,-10.6692832764505,-16.1508532423208,-5.35597269624573,-2.02320819112628
"199150",0.926740947075208,-13.1607242339833,-6.38690807799443,0.0768802228412258,3.09554317548746,-12.2064066852368
"199251",5.32674094707521,-8.36072423398329,-6.38690807799443,-2.22311977715877,-4.60445682451253,-2.20640668523677
"199453",-16.0737201365188,-7.23754266211604,-10.6692832764505,-3.05085324232082,-5.35597269624573,-0.723208191126281
"200008",4.52674094707521,-4.66072423398329,-6.38690807799443,5.07688022284123,2.59554317548746,8.59359331476323
"200109",-1.87325905292479,-4.76072423398329,-6.38690807799443,0.276880222841229,2.89554317548747,-3.10640668523677
"200311",-1.07372013651877,-2.83754266211604,-1.56928327645051,-3.05085324232082,-1.25597269624573,-0.623208191126279
"200614",-5.57325905292479,-9.26072423398329,-6.38690807799443,-1.92311977715877,-6.50445682451254,-6.60640668523677
"201111",15.9262798634812,16.462457337884,12.6307167235495,10.7491467576792,-1.95597269624574,16.2767918088737
"201414",-5.57325905292479,-0.96072423398329,3.31309192200557,-1.62311977715878,5.09554317548746,-7.00640668523677
"201818",0.626740947075211,5.93927576601672,0.0130919220055675,-5.22311977715877,-5.40445682451254,-2.80640668523677
"202113",5.02674094707521,1.63927576601671,1.01309192200557,-2.22311977715877,1.79554317548747,-3.80640668523677
"203923",6.92674094707521,-9.26072423398329,10.8130919220056,5.07688022284123,4.49554317548746,15.7935933147632
"204016",1.52674094707521,7.43927576601672,-6.38690807799443,1.17688022284123,15.9955431754875,1.69359331476323
"204319",13.2267409470752,13.5392757660167,10.3130919220056,5.07688022284123,10.1955431754875,-0.306406685236768
"204420",-13.6732590529248,11.7392757660167,3.91309192200557,-18.0231197771588,-4.80445682451253,-12.2064066852368
"204521",1.02674094707521,-13.1607242339833,3.31309192200557,-7.22311977715877,1.19554317548747,-7.30640668523677
"204622",-10.3732590529248,-4.96072423398329,-6.38690807799443,-18.0231197771588,-11.7044568245125,-12.2064066852368
"205119",-6.57372013651877,-7.23754266211604,-10.6692832764505,-4.75085324232082,0.44402730375427,-4.02320819112628
"205220",-1.77325905292479,-13.1607242339833,-6.38690807799443,-10.3231197771588,-11.7044568245125,-12.2064066852368
"205725",3.82674094707521,8.33927576601671,-6.38690807799443,2.77688022284123,11.4955431754875,4.59359331476323
"205826",2.82627986348123,-1.33754266211604,2.13071672354949,-7.45085324232082,5.14402730375427,1.37679180887372
"206525",3.22627986348123,-2.93754266211604,10.0307167235495,-4.75085324232082,12.1440273037543,-7.72320819112628
"206727",-0.273720136518774,8.26245733788396,10.5307167235495,-3.55085324232082,-6.45597269624574,-6.82320819112628
"207123",-1.57372013651877,-13.437542662116,4.93071672354949,-7.55085324232082,5.04402730375426,-2.92320819112628
"207426",-19.4737201365188,-1.03754266211604,8.63071672354949,-16.1508532423208,-11.6559726962457,-12.0232081911263
"208024",1.52674094707521,-1.76072423398329,-6.38690807799443,-1.62311977715878,8.69554317548747,-2.20640668523677
"208125",0.626740947075211,7.13927576601671,4.41309192200557,2.67688022284123,-5.50445682451254,7.89359331476323
"208226",-5.57325905292479,3.03927576601671,-6.38690807799443,0.276880222841229,-1.30445682451253,-8.30640668523677
"208327",6.72627986348123,3.76245733788396,0.93071672354949,5.34914675767918,1.64402730375427,1.87679180887372
"209127",2.32674094707521,3.23927576601671,5.91309192200557,5.07688022284123,8.29554317548747,4.89359331476323
"209228",2.82674094707521,3.23927576601671,13.6130919220056,0.276880222841229,6.69554317548747,8.59359331476323
"209834",7.22674094707521,13.2392757660167,12.4130919220056,14.7768802228412,-6.50445682451254,10.4935933147632
"209935",10.4262798634812,17.762457337884,9.43071672354949,-2.15085324232082,0.344027303754268,8.77679180887372
"210011",-1.27372013651877,-9.53754266211604,-10.6692832764505,-6.75085324232082,-0.255972696245733,-4.72320819112628
"210415",0.0267409470752092,8.33927576601671,-6.38690807799443,0.976880222841224,-0.304456824512534,-2.60640668523677
"210617",-6.17325905292479,-6.96072423398329,-6.38690807799443,-4.92311977715877,2.49554317548746,-7.00640668523677
"211114",-18.8732590529248,-6.96072423398329,-6.38690807799443,-15.0231197771588,-11.7044568245125,-6.80640668523677
"211316",9.52674094707521,6.53927576601671,15.5130919220056,4.57688022284123,14.4955431754875,9.69359331476323
"211417",-2.07372013651877,-2.93754266211604,-10.6692832764505,2.14914675767918,15.7440273037543,-1.52320819112628
"211821",-0.573720136518771,10.562457337884,9.93071672354949,-0.0508532423208188,2.64402730375427,-2.62320819112628
"211922",13.6267409470752,9.23927576601671,-6.38690807799443,12.3768802228412,-11.7044568245125,15.4935933147632
"212116",-16.4737201365188,-7.23754266211604,6.33071672354949,-16.1508532423208,-1.95597269624574,-12.0232081911263
"212217",13.2267409470752,14.6392757660167,3.01309192200557,2.97688022284122,-6.50445682451254,15.7935933147632
"212318",5.32674094707521,-4.76072423398329,-6.38690807799443,0.276880222841229,12.0955431754875,-2.80640668523677
"212419",-1.87325905292479,-0.860724233983288,-6.38690807799443,5.07688022284123,-0.00445682451253712,-2.60640668523677
"212823",-8.17372013651877,-9.13754266211604,-10.6692832764505,-7.95085324232082,0.0440273037542642,-12.0232081911263
"214019",7.42674094707521,4.83927576601671,5.21309192200557,2.77688022284123,1.19554317548747,4.79359331476323
"214221",2.72674094707521,0.339275766016714,20.5130919220056,2.77688022284123,-2.00445682451254,9.59359331476323
"214423",6.72627986348123,10.162457337884,13.6307167235495,4.64914675767918,6.24402730375427,4.97679180887372
"214524",3.52627986348123,5.46245733788396,-1.86928327645051,4.94914675767918,-4.75597269624573,-0.423208191126283
"214726",8.52627986348123,2.16245733788396,12.7307167235495,2.14914675767918,-6.95597269624574,7.07679180887372
"217126",8.52627986348123,5.56245733788396,9.43071672354949,11.5491467576792,12.0440273037543,8.77679180887372
"217429",6.62674094707521,-4.66072423398329,-6.38690807799443,4.77688022284123,11.1955431754875,3.49359331476323
"219231",-6.57372013651877,-5.53754266211604,12.9307167235495,3.04914675767918,12.3440273037543,1.37679180887372
"220721",14.3262798634812,8.86245733788396,10.4307167235495,10.7491467576792,15.5440273037543,15.9767918088737
"221319",5.42674094707521,3.93927576601672,11.4130919220056,12.3768802228412,13.7955431754875,7.89359331476323
"223929",3.22627986348123,0.962457337883959,9.53071672354949,-7.75085324232082,3.44402730375427,1.37679180887372
"227432",6.82627986348123,-9.13754266211604,-10.6692832764505,5.34914675767918,-1.95597269624574,6.47679180887372
"228434",-12.9732590529248,-2.66072423398329,1.41309192200557,-0.723119777158771,3.49554317548746,-12.2064066852368
"233326",1.72627986348123,-13.437542662116,-1.86928327645051,-1.15085324232082,-4.75597269624573,1.97679180887372
"239136",0.0267409470752092,-6.46072423398329,-6.38690807799443,0.276880222841229,3.19554317548747,-5.00640668523677
"239944",-1.47325905292479,-13.1607242339833,2.41309192200557,-7.02311977715878,-2.00445682451254,-4.20640668523677
"245333",6.32674094707521,-2.56072423398328,-6.38690807799443,0.276880222841229,-1.30445682451253,1.69359331476323
"246133",-4.97325905292479,1.23927576601671,5.91309192200557,-9.42311977715877,-11.7044568245125,-5.00640668523677
"248339",12.6262798634812,16.562457337884,3.33071672354949,5.14914675767918,2.94402730375427,9.67679180887372
"249947",-11.8732590529248,-13.1607242339833,-6.38690807799443,-4.92311977715877,-11.7044568245125,-12.2064066852368
"250427",-0.973259052924791,5.13927576601671,-6.38690807799443,-1.72311977715877,-7.00445682451254,4.89359331476323
"250932",-1.57325905292479,-3.36072423398329,2.71309192200557,1.07688022284123,0.295543175487467,-0.306406685236768
"251833",-3.87372013651877,1.36245733788396,6.63071672354949,-3.05085324232082,12.1440273037543,1.67679180887372
"255639",6.52674094707521,7.43927576601672,-6.38690807799443,-4.02311977715878,6.89554317548747,-0.706406685236766
"255740",5.42674094707521,9.73927576601671,2.71309192200557,10.3768802228412,2.49554317548746,11.0935933147632
"256540",-13.8732590529248,-2.96072423398329,-6.38690807799443,-8.62311977715878,-7.00445682451254,-12.2064066852368
"257845",-4.87372013651877,-13.437542662116,-10.6692832764505,-6.35085324232082,2.94402730375427,-12.0232081911263
"263436",4.92674094707521,4.03927576601671,-6.38690807799443,10.5768802228412,2.59554317548746,2.99359331476323
"268749",-12.9737201365188,-2.43754266211604,-10.6692832764505,-6.15085324232082,-5.25597269624573,-12.0232081911263
"268850",-10.3732590529248,9.23927576601671,12.2130919220056,-4.22311977715877,-1.30445682451253,-12.2064066852368
"275645",10.4262798634812,-5.43754266211604,-10.6692832764505,2.34914675767918,-4.55597269624573,15.9767918088737
"283543",-0.573720136518771,3.56245733788396,-10.6692832764505,2.14914675767918,3.04402730375426,-4.12320819112628
"285345",-12.9732590529248,-8.86072423398329,3.41309192200557,-11.8231197771588,-0.00445682451253712,-7.50640668523677
"285446",-8.87372013651877,-7.23754266211604,5.63071672354949,1.64914675767918,-1.95597269624574,-0.623208191126279
"286650",-5.67372013651877,5.16245733788396,-10.6692832764505,-5.35085324232082,-1.95597269624574,0.0767918088737166
"287248",-4.47325905292479,-9.26072423398329,-6.38690807799443,-1.92311977715877,0.395543175487469,-0.306406685236768
"289555",0.0267409470752092,4.33927576601671,-6.38690807799443,5.57688022284123,6.49554317548746,3.49359331476323
"290136",3.82674094707521,4.93927576601672,1.81309192200557,2.57688022284123,2.39554317548747,1.69359331476323
"293748",-3.17325905292479,-13.1607242339833,-6.38690807799443,-1.72311977715877,5.69554317548747,-7.60640668523677
"295146",5.82674094707521,-0.760724233983287,11.8130919220056,2.97688022284122,-11.7044568245125,3.09359331476323
"298051",-0.673259052924794,5.33927576601671,-6.38690807799443,2.77688022284123,-2.90445682451254,-12.2064066852368
"298455",6.32627986348123,-7.23754266211604,8.33071672354949,8.94914675767918,9.34402730375427,-0.123208191126279
"300618",-5.67372013651877,5.46245733788396,8.23071672354949,0.149146757679184,4.24402730375427,-1.52320819112628
"303119",7.32674094707521,11.0392757660167,25.7130919220056,-1.62311977715878,-1.00445682451254,1.69359331476323
"303624",-12.0737201365188,-13.437542662116,-10.6692832764505,-5.45085324232082,-6.95597269624574,-4.02320819112628
"304020",-12.4737201365188,2.96245733788396,3.33071672354949,-9.65085324232082,-11.6559726962457,-0.723208191126281
"304727",-5.07325905292479,-13.1607242339833,-6.38690807799443,0.276880222841229,0.595543175487464,-4.60640668523677
"305830",-2.47325905292479,8.63927576601671,2.41309192200557,-6.62311977715878,-0.104456824512531,0.49359331476323
"307127",14.8267409470752,12.5392757660167,7.01309192200557,8.87688022284122,-7.00445682451254,12.4935933147632
"309636",0.226740947075212,-0.0607242339832842,-6.38690807799443,1.97688022284122,8.19554317548747,2.99359331476323
"310621",-2.97325905292479,-9.26072423398329,-6.38690807799443,-1.32311977715877,2.59554317548746,-1.30640668523677
"311320",10.3262798634812,10.762457337884,12.2307167235495,5.84914675767918,-11.6559726962457,14.0767918088737
"316633",7.92674094707521,0.839275766016714,-6.38690807799443,14.6768802228412,2.49554317548746,6.09359331476323
"316835",-2.77325905292479,-7.36072423398329,15.4130919220056,0.0768802228412258,15.5955431754875,1.19359331476323
"318637",-8.87372013651877,-13.437542662116,3.43071672354949,2.14914675767918,-11.6559726962457,-4.52320819112628
"322224",-7.37325905292479,-2.66072423398329,-6.38690807799443,-1.92311977715877,2.59554317548746,1.19359331476323
"329440",4.42627986348123,-2.93754266211604,4.33071672354949,2.14914675767918,-1.95597269624574,0.576791808873717
"329844",-11.4737201365188,-13.437542662116,-2.86928327645051,-7.25085324232082,-6.95597269624574,-12.0232081911263
"330324",3.92627986348123,-9.23754266211604,-1.86928327645051,-9.05085324232082,-11.6559726962457,3.67679180887372
"333330",3.42674094707521,-6.96072423398329,6.21309192200557,-6.42311977715877,4.79554317548747,-1.40640668523677
"334635",5.32674094707521,12.8392757660167,7.11309192200557,6.67688022284123,11.8955431754875,2.79359331476323
"341834",-1.27372013651877,1.16245733788396,-1.86928327645051,-0.0508532423208188,9.04402730375426,-3.92320819112628
"342129",4.72627986348123,4.36245733788396,15.1307167235495,-6.35085324232082,15.6440273037543,-6.62320819112628
"346137",-12.0737201365188,-1.13754266211604,-10.6692832764505,2.34914675767918,1.84402730375427,-2.02320819112628
"346945",3.32674094707521,13.0392757660167,26.5130919220056,-13.7231197771588,-5.40445682451254,-6.90640668523677
"348545",25.4262798634812,17.962457337884,23.8307167235495,16.0491467576792,5.04402730375426,13.5767918088737
"349244",-4.37372013651877,-1.03754266211604,-4.26928327645051,2.14914675767918,5.74402730375427,-0.123208191126279
"352132",19.8262798634812,-4.53754266211604,-3.26928327645051,-2.55085324232082,7.64402730375427,4.77679180887372
"352738",4.02627986348123,-6.43754266211604,-10.6692832764505,6.94914675767918,-1.15597269624573,-2.62320819112628
"353740",0.926279863481229,-2.93754266211604,-3.26928327645051,4.04914675767918,-5.35597269624573,-12.0232081911263
"356948",-2.27325905292479,-2.66072423398329,-6.38690807799443,-1.32311977715877,-1.30445682451253,-1.50640668523677
"358144",-18.8732590529248,6.53927576601671,-6.38690807799443,-18.0231197771588,-11.7044568245125,-12.2064066852368
"361941",8.52627986348123,9.36245733788396,2.13071672354949,21.5491467576792,6.84402730375427,16.1767918088737
"365343",2.32674094707521,-8.96072423398329,-6.38690807799443,-4.92311977715877,4.09554317548746,-4.60640668523677
"366042",0.926740947075208,-0.360724233983288,0.0130919220055675,10.6768802228412,1.59554317548746,4.79359331476323
"366446",0.626279863481232,-1.53754266211604,-10.6692832764505,5.34914675767918,3.54402730375426,-0.723208191126281
"368551",-3.87372013651877,-9.53754266211604,0.93071672354949,-8.85085324232082,-1.95597269624574,-6.42320819112628
"371843",12.4267409470752,13.3392757660167,16.0130919220056,12.6768802228412,5.69554317548747,14.0935933147632
"377451",11.8267409470752,2.93927576601672,3.41309192200557,18.4768802228412,8.29554317548747,10.8935933147632
"378857",-3.37325905292479,-6.46072423398329,2.41309192200557,1.17688022284123,8.39554317548747,-0.706406685236766
"379657",8.12674094707521,13.8392757660167,5.21309192200557,12.7768802228412,17.5955431754875,7.89359331476323
"380036",9.02627986348123,-5.03754266211604,1.63071672354949,-6.95085324232082,4.24402730375427,-3.22320819112628
"381038",9.32674094707521,9.83927576601671,-6.38690807799443,12.7768802228412,12.2955431754875,4.79359331476323
"381543",-3.87325905292479,13.3392757660167,17.6130919220056,-6.62311977715878,-11.7044568245125,-12.2064066852368
"385450",-2.47372013651877,0.862457337883958,6.53071672354949,2.14914675767918,-0.855972696245734,11.2767918088737
"387959",2.82627986348123,-5.03754266211604,-10.6692832764505,2.14914675767918,-11.6559726962457,3.67679180887372
"389357",-7.37325905292479,1.63927576601671,0.0130919220055675,-4.72311977715877,-4.60445682451253,-2.20640668523677
"390645",2.12674094707521,1.63927576601671,-6.38690807799443,3.47688022284122,3.49554317548746,-0.306406685236768
"392447",-7.87372013651877,-2.93754266211604,2.83071672354949,-6.75085324232082,5.14402730375427,-12.0232081911263
"395958",-19.4737201365188,-13.437542662116,-10.6692832764505,-16.1508532423208,-6.45597269624574,-12.0232081911263
"397154",2.82674094707521,-3.26072423398329,3.31309192200557,7.37688022284122,7.59554317548746,2.09359331476323
"397760",-1.67372013651877,4.76245733788396,-10.6692832764505,2.14914675767918,7.24402730375427,1.97679180887372
"397861",9.52627986348123,16.562457337884,-1.86928327645051,-2.35085324232082,-1.15597269624573,3.17679180887372
"406432",-15.0737201365188,-8.63754266211604,-10.6692832764505,-16.1508532423208,-11.6559726962457,-12.0232081911263
"406836",-18.8732590529248,-9.26072423398329,-6.38690807799443,-18.0231197771588,-11.7044568245125,-12.2064066852368
"412528",-12.9732590529248,-7.36072423398329,1.41309192200557,-14.1231197771588,-6.50445682451254,-12.2064066852368
"414229",-1.77372013651877,1.46245733788396,-4.26928327645051,-5.45085324232082,-11.6559726962457,-7.42320819112628
"422632",-6.57325905292479,-1.56072423398328,-6.38690807799443,5.57688022284123,-0.804456824512534,-5.00640668523677
"424939",3.92627986348123,1.46245733788396,15.0307167235495,0.249146757679178,2.54402730375426,7.87679180887372
"429040",-2.37325905292479,-0.0607242339832842,0.0130919220055675,0.276880222841229,2.49554317548746,-0.606406685236772
"432332",-1.87325905292479,0.53927576601671,-6.38690807799443,-13.3231197771588,-11.7044568245125,-4.10640668523677
"436239",2.82674094707521,-1.96072423398329,-6.38690807799443,9.57688022284123,5.59554317548746,-0.306406685236768
"436845",2.32674094707521,9.83927576601671,-6.38690807799443,5.07688022284123,-1.60445682451253,3.49359331476323
"441939",6.02674094707521,-9.26072423398329,13.3130919220056,6.77688022284123,9.79554317548747,1.69359331476323
"445543",12.6262798634812,13.562457337884,1.73071672354949,10.7491467576792,16.3440273037543,3.17679180887372
"448347",-2.47372013651877,-1.13754266211604,4.83071672354949,0.549146757679183,-0.255972696245733,-0.123208191126279
"456346",-4.67325905292479,5.63927576601671,-6.38690807799443,5.07688022284123,9.29554317548747,-0.706406685236766
"459453",8.82674094707521,-1.46072423398329,-6.38690807799443,5.07688022284123,10.5955431754875,11.0935933147632
"467351",-14.4737201365188,-13.437542662116,-10.6692832764505,-16.1508532423208,-11.6559726962457,-12.0232081911263
"475855",-2.87325905292479,8.23927576601671,7.01309192200557,-9.52311977715878,-7.00445682451254,-12.2064066852368
"479762",-1.77372013651877,-0.737542662116044,-10.6692832764505,5.84914675767918,12.8440273037543,3.17679180887372
"481951",7.02674094707521,-1.56072423398328,-6.38690807799443,15.9768802228412,15.8955431754875,12.9935933147632
"485757",-5.07325905292479,-13.1607242339833,1.41309192200557,-12.3231197771588,-2.00445682451254,-12.2064066852368
"486759",-19.4737201365188,-13.437542662116,-10.6692832764505,-16.1508532423208,-1.95597269624574,-12.0232081911263
"495255",6.42627986348123,-2.93754266211604,-4.26928327645051,15.0491467576792,9.74402730375427,-2.22320819112628
"497865",-8.37372013651877,-13.437542662116,-10.6692832764505,2.14914675767918,0.0440273037542642,-12.0232081911263
"499566",5.32674094707521,9.23927576601671,9.31309192200557,9.57688022284123,4.99554317548746,6.89359331476323
"500222",6.32674094707521,1.33927576601671,-6.38690807799443,3.07688022284123,7.39554317548747,15.7935933147632
"510225",0.326740947075206,-8.36072423398329,-6.38690807799443,2.67688022284123,4.09554317548746,4.89359331476323
"512835",13.4262798634812,15.662457337884,8.23071672354949,7.14914675767918,11.6440273037543,4.77679180887372
"513736",0.0267409470752092,11.9392757660167,-6.38690807799443,3.47688022284122,5.09554317548746,1.79359331476323
"519950",6.62674094707521,8.63927576601671,3.81309192200557,5.07688022284123,12.2955431754875,6.99359331476323
"520228",-9.47372013651877,-4.23754266211604,11.6307167235495,15.8491467576792,-6.95597269624574,5.47679180887372
"523032",4.32627986348123,1.06245733788396,-10.6692832764505,12.2491467576792,15.4440273037543,8.77679180887372
"524135",5.32627986348123,-9.03754266211604,-10.6692832764505,15.8491467576792,-11.6559726962457,23.2767918088737
"525541",-2.77325905292479,0.339275766016714,-6.38690807799443,5.07688022284123,-1.30445682451253,3.49359331476323
"529549",-0.273259052924788,16.0392757660167,4.21309192200557,0.0768802228412258,-11.7044568245125,-2.60640668523677
"529953",-12.8737201365188,-1.13754266211604,-10.6692832764505,-16.1508532423208,-11.6559726962457,-12.0232081911263
"530635",-3.77372013651877,-5.23754266211604,-0.869283276450508,2.14914675767918,6.54402730375426,-5.22320819112628
"531536",5.72627986348123,-1.03754266211604,1.73071672354949,2.14914675767918,2.34402730375427,3.67679180887372
"536647",-5.47325905292479,-13.1607242339833,2.41309192200557,-7.62311977715878,8.29554317548747,-12.2064066852368
"540436",1.22627986348123,3.26245733788396,-10.6692832764505,7.14914675767918,-11.6559726962457,3.17679180887372
"541640",-0.97372013651877,-9.03754266211604,-2.46928327645051,-0.0508532423208188,-5.35597269624573,7.17679180887372
"541943",-3.37325905292479,11.1392757660167,-6.38690807799443,0.276880222841229,0.295543175487467,1.69359331476323
"545345",-3.67372013651877,0.662457337883962,17.8307167235495,4.64914675767918,-11.6559726962457,-2.32320819112628
"547046",3.82674094707521,-0.660724233983286,-6.38690807799443,7.07688022284123,-4.70445682451253,4.49359331476323
"548250",1.72627986348123,9.36245733788396,11.8307167235495,4.64914675767918,15.0440273037543,9.17679180887372
"555348",-7.17325905292479,-13.1607242339833,3.41309192200557,2.67688022284123,-2.00445682451254,4.39359331476323
"557857",1.92627986348123,12.862457337884,15.8307167235495,6.94914675767918,10.4440273037543,15.9767918088737
"559053",-4.47325905292479,-4.66072423398329,-6.38690807799443,0.476880222841224,-0.00445682451253712,1.49359331476323
"561242",4.52674094707521,8.93927576601672,-6.38690807799443,1.97688022284122,2.99554317548746,1.79359331476323
"562345",3.22674094707521,1.33927576601671,-6.38690807799443,0.276880222841229,-1.20445682451253,-4.00640668523677
"562446",11.3267409470752,-13.1607242339833,-6.38690807799443,-7.72311977715877,9.09554317548746,4.19359331476323
"565452",-5.57325905292479,3.73927576601671,3.41309192200557,-4.92311977715877,-5.40445682451254,-12.2064066852368
"566454",-3.27325905292479,-4.56072423398328,17.7130919220056,-5.22311977715877,-11.7044568245125,3.49359331476323
"567052",3.92627986348123,4.66245733788396,-10.6692832764505,3.34914675767918,15.9440273037543,7.27679180887372
"567961",8.42674094707521,12.1392757660167,-6.38690807799443,11.9768802228412,2.99554317548746,2.09359331476323
"568963",-8.47325905292479,-13.1607242339833,-6.38690807799443,2.57688022284123,-11.7044568245125,-12.2064066852368
"570243",8.42674094707521,22.1392757660167,23.3130919220056,7.07688022284123,-11.7044568245125,4.39359331476323
"571144",-14.4737201365188,13.762457337884,12.5307167235495,-16.1508532423208,-11.6559726962457,-12.0232081911263
"572045",-7.57325905292479,-13.1607242339833,-6.38690807799443,-4.92311977715877,-11.7044568245125,-0.606406685236772
"573249",2.72627986348123,2.16245733788396,-4.26928327645051,7.44914675767918,-11.6559726962457,1.67679180887372
"573451",-7.67372013651877,2.96245733788396,-10.6692832764505,-12.5508532423208,-11.6559726962457,-3.42320819112628
"579665",-5.07325905292479,-13.1607242339833,-6.38690807799443,-4.02311977715878,-0.104456824512531,3.49359331476323
"579867",5.42674094707521,-8.76072423398329,-6.38690807799443,-4.22311977715877,8.19554317548747,4.79359331476323
"580044",0.826740947075206,7.73927576601671,2.41309192200557,3.27688022284123,-2.00445682451254,3.49359331476323
"580650",9.32674094707521,12.0392757660167,2.41309192200557,6.77688022284123,2.39554317548747,10.4935933147632
"580751",-8.27372013651877,-6.43754266211604,-10.6692832764505,0.149146757679184,-6.45597269624574,4.97679180887372
"581349",16.7262798634812,17.762457337884,20.9307167235495,11.7491467576792,-11.6559726962457,15.9767918088737
"581450",-19.4737201365188,2.96245733788396,7.93071672354949,-11.4508532423208,-11.6559726962457,-12.0232081911263
"583858",10.9262798634812,-1.73754266211604,0.93071672354949,-8.95085324232082,-1.95597269624574,-12.0232081911263
"585862",-14.1732590529248,-5.66072423398329,-6.38690807799443,-12.2231197771588,-11.7044568245125,-12.2064066852368
"586460",-5.07325905292479,-13.1607242339833,0.0130919220055675,-7.62311977715878,1.19554317548747,-7.50640668523677
"587664",-2.87325905292479,3.13927576601671,2.41309192200557,-2.42311977715877,2.99554317548746,-1.80640668523677
"588565",8.52627986348123,14.362457337884,-4.26928327645051,2.14914675767918,-1.95597269624574,7.17679180887372
"592455",-0.573720136518771,4.86245733788396,-10.6692832764505,-6.15085324232082,-11.6559726962457,1.87679180887372
"594156",-4.17372013651877,-3.83754266211604,-1.86928327645051,-3.05085324232082,-6.95597269624574,7.17679180887372
"598568",9.02627986348123,4.76245733788396,3.43071672354949,-3.05085324232082,-5.35597269624573,-2.02320819112628
"599065",-10.3737201365188,-9.53754266211604,0.230716723549487,-7.05085324232082,5.74402730375427,-7.12320819112628
"599671",-5.07372013651877,-0.637542662116042,4.33071672354949,-5.25085324232082,-0.0559726962457301,8.77679180887372
"601127",-5.97372013651877,8.86245733788396,-10.6692832764505,11.8491467576792,-6.95597269624574,12.1767918088737
"611938",-10.1737201365188,-6.43754266211604,11.5307167235495,-7.25085324232082,5.74402730375427,-5.02320819112628
"613538",-7.17325905292479,-6.96072423398329,3.41309192200557,-18.0231197771588,1.79554317548747,-12.2064066852368
"615744",6.82674094707521,-5.76072423398329,3.41309192200557,0.476880222841224,3.49554317548746,-12.2064066852368
"620434",7.32674094707521,7.13927576601671,1.81309192200557,3.47688022284122,4.69554317548747,4.39359331476323
"623844",10.7262798634812,7.86245733788396,16.3307167235495,-0.250853242320822,-5.25597269624573,5.47679180887372
"626648",-9.27325905292479,3.23927576601671,-6.38690807799443,-1.62311977715878,-11.7044568245125,-3.80640668523677
"627852",5.32627986348123,7.56245733788396,9.43071672354949,-2.35085324232082,9.74402730375427,-0.123208191126279
"633847",-13.8732590529248,-8.96072423398329,-6.38690807799443,-1.92311977715877,2.49554317548746,-12.2064066852368
"638049",-2.37325905292479,2.63927576601671,-6.38690807799443,-13.3231197771588,-11.7044568245125,-4.10640668523677
"645450",2.02674094707521,-13.1607242339833,-6.38690807799443,0.476880222841224,3.49554317548746,1.79359331476323
"645551",-13.8732590529248,3.23927576601671,-6.38690807799443,-18.0231197771588,-7.00445682451254,-12.2064066852368
"654350",-3.77325905292479,-4.76072423398329,2.41309192200557,-7.92311977715877,-2.00445682451254,-12.2064066852368
"654754",-5.07325905292479,-9.26072423398329,-6.38690807799443,-4.92311977715877,-2.90445682451254,-12.2064066852368
"656253",3.22627986348123,-3.43754266211604,-10.6692832764505,-3.05085324232082,-11.6559726962457,-2.32320819112628
"660951",-6.27325905292479,-13.1607242339833,2.41309192200557,-1.62311977715878,-7.00445682451254,-3.10640668523677
"665254",7.62674094707521,8.43927576601672,-6.38690807799443,13.9768802228412,24.5955431754875,8.59359331476323
"667056",-6.67372013651877,1.26245733788396,-3.26928327645051,-0.550853242320819,8.04402730375426,-3.62320819112628
"668361",-0.573720136518771,7.96245733788396,-0.869283276450508,-0.0508532423208188,-1.25597269624573,3.67679180887372
"671855",-2.47372013651877,1.36245733788396,8.53071672354949,-0.0508532423208188,-4.55597269624573,-2.92320819112628
"672756",4.72627986348123,5.76245733788396,5.83071672354949,-3.05085324232082,-11.6559726962457,-1.22320819112628
"673455",-1.27325905292479,-13.1607242339833,-6.38690807799443,0.276880222841229,-0.104456824512531,-0.806406685236768
"677766",12.0262798634812,10.762457337884,11.3307167235495,15.8491467576792,20.4440273037543,8.47679180887372
"677968",-1.17325905292479,-6.16072423398329,2.41309192200557,3.97688022284122,-0.904456824512536,1.69359331476323
"679568",-0.973259052924791,-1.56072423398328,-6.38690807799443,-4.92311977715877,-5.30445682451253,1.59359331476323
"679770",-10.3737201365188,-1.13754266211604,-10.6692832764505,-2.15085324232082,-1.95597269624574,-7.72320819112628
"680250",-0.973259052924791,9.63927576601671,-6.38690807799443,-3.72311977715877,-6.50445682451254,2.99359331476323
"680957",1.52674094707521,-2.46072423398329,-6.38690807799443,-1.42311977715877,-2.00445682451254,-0.306406685236768
"683256",-4.67325905292479,-13.1607242339833,-6.38690807799443,-5.02311977715878,-1.40445682451254,-12.2064066852368
"685058",-4.47372013651877,-8.63754266211604,-10.6692832764505,-2.15085324232082,4.84402730375427,-2.92320819112628
"687163",6.02627986348123,0.262457337883956,7.23071672354949,2.84914675767918,5.14402730375427,-2.82320819112628
"690152",-2.47372013651877,-5.23754266211604,-10.6692832764505,-0.0508532423208188,1.84402730375427,4.97679180887372
"695768",0.926279863481229,8.46245733788396,8.63071672354949,6.94914675767918,3.04402730375426,6.47679180887372
"700634",10.9262798634812,1.96245733788396,8.83071672354949,0.249146757679178,1.24402730375427,-1.22320819112628
"702133",-7.07325905292479,-2.26072423398329,-6.38690807799443,-0.323119777158773,-2.90445682451254,-0.806406685236768
"704238",-1.17372013651877,6.16245733788396,-1.86928327645051,1.54914675767918,5.14402730375427,5.07679180887372
"705341",-3.57372013651877,-5.23754266211604,8.93071672354949,0.149146757679184,5.74402730375427,-6.62320819112628
"707749",17.5262798634812,19.662457337884,1.73071672354949,4.64914675767918,0.344027303754268,8.17679180887372
"713239",2.82674094707521,-8.16072423398329,-6.38690807799443,0.276880222841229,6.19554317548747,3.49359331476323
"715041",-3.77325905292479,-3.36072423398329,16.8130919220056,-10.4231197771588,12.9955431754875,-7.10640668523677
"715647",-7.47325905292479,-9.26072423398329,-6.38690807799443,-4.92311977715877,-11.7044568245125,-4.70640668523677
"715950",-3.57325905292479,-9.26072423398329,-6.38690807799443,-8.02311977715878,-11.7044568245125,-3.10640668523677
"720337",2.02627986348123,-2.93754266211604,-10.6692832764505,-0.0508532423208188,7.64402730375427,1.87679180887372
"725751",-19.4737201365188,2.96245733788396,-10.6692832764505,-16.1508532423208,-11.6559726962457,-12.0232081911263
"727553",5.02674094707521,-13.1607242339833,7.01309192200557,8.47688022284122,1.19554317548747,6.29359331476323
"727654",6.82674094707521,10.2392757660167,-6.38690807799443,9.37688022284122,12.5955431754875,2.99359331476323
"729254",21.6262798634812,7.56245733788396,-10.6692832764505,22.2491467576792,10.4440273037543,23.2767918088737
"729557",3.42674094707521,11.4392757660167,12.8130919220056,5.07688022284123,-11.7044568245125,2.29359331476323
"732243",-6.17325905292479,-13.1607242339833,6.01309192200557,0.276880222841229,1.79554317548747,-2.60640668523677
"735148",6.72627986348123,2.26245733788396,7.73071672354949,3.84914675767918,6.54402730375426,1.87679180887372
"737960",12.9267409470752,14.7392757660167,9.31309192200557,12.3768802228412,9.99554317548746,15.7935933147632
"742549",4.42627986348123,-2.23754266211604,9.13071672354949,12.7491467576792,22.0440273037543,6.47679180887372
"748258",-4.87325905292479,-2.66072423398329,17.7130919220056,-8.22311977715877,-7.00445682451254,-3.10640668523677
"748662",-3.37325905292479,9.73927576601671,-6.38690807799443,2.77688022284123,8.09554317548746,-4.40640668523677
"749361",7.12674094707521,13.0392757660167,-6.38690807799443,6.47688022284122,-0.304456824512534,6.09359331476323
"751348",-3.57372013651877,-1.03754266211604,10.8307167235495,-2.35085324232082,2.64402730375427,-6.62320819112628
"753251",-2.97372013651877,-9.13754266211604,-10.6692832764505,-16.1508532423208,0.94402730375427,-7.22320819112628
"756055",10.7262798634812,-2.93754266211604,1.73071672354949,2.14914675767918,0.344027303754268,0.476791808873722
"759869",-1.77372013651877,-9.53754266211604,-1.86928327645051,-5.15085324232082,-6.95597269624574,-7.72320819112628
"761957",11.5267409470752,3.83927576601671,7.11309192200557,5.07688022284123,1.19554317548747,3.49359331476323
"765056",8.52627986348123,4.76245733788396,11.9307167235495,8.64914675767918,1.84402730375427,3.67679180887372
"769064",-6.57372013651877,2.96245733788396,11.0307167235495,-4.75085324232082,0.344027303754268,-4.12320819112628
"770352",-3.17325905292479,-0.860724233983288,1.41309192200557,0.276880222841229,-1.00445682451254,-12.2064066852368
"773257",1.42627986348123,-5.03754266211604,-1.86928327645051,2.84914675767918,15.7440273037543,-2.62320819112628
"782561",-7.27325905292479,6.53927576601671,2.41309192200557,-9.72311977715877,-11.7044568245125,-7.00640668523677
"784565",3.82674094707521,-3.56072423398328,8.11309192200557,6.77688022284123,5.09554317548746,4.79359331476323
"788876",8.82674094707521,5.43927576601672,-6.38690807799443,-1.62311977715878,5.59554317548746,-7.50640668523677
"789373",-2.07372013651877,5.06245733788396,0.93071672354949,-7.65085324232082,-11.6559726962457,-3.82320819112628
"792564",-3.17325905292479,-4.56072423398328,-6.38690807799443,3.27688022284123,-11.7044568245125,-12.2064066852368
"793465",3.92627986348123,-13.437542662116,-10.6692832764505,2.14914675767918,3.04402730375426,-3.22320819112628
"800941",1.92627986348123,3.66245733788396,10.8307167235495,0.149146757679184,-6.45597269624574,1.67679180887372
"802844",-9.47325905292479,10.3392757660167,18.3130919220056,-18.0231197771588,-4.70445682451253,-7.60640668523677
"803240",9.02627986348123,-13.437542662116,-10.6692832764505,4.84914675767918,-11.6559726962457,-1.82320819112628
"814649",-1.97372013651877,-9.13754266211604,8.43071672354949,-3.05085324232082,5.04402730375426,-2.52320819112628
"816653",2.82674094707521,1.73927576601671,-6.38690807799443,0.276880222841229,5.99554317548746,-0.806406685236768
"820745",3.92627986348123,8.86245733788396,-10.6692832764505,2.14914675767918,2.44402730375427,1.97679180887372
"825048",-2.37325905292479,-1.76072423398329,1.41309192200557,-1.92311977715877,9.19554317548747,1.79359331476323
"826353",-3.57325905292479,-2.46072423398329,-6.38690807799443,7.07688022284123,10.9955431754875,4.79359331476323
"826454",-3.57325905292479,-13.1607242339833,-6.38690807799443,1.97688022284122,-11.7044568245125,-1.70640668523677
"833148",0.926279863481229,4.36245733788396,-10.6692832764505,0.149146757679184,-4.55597269624573,4.77679180887372
"833249",8.32674094707521,5.63927576601671,-6.38690807799443,0.276880222841229,2.49554317548746,1.19359331476323
"837560",6.72627986348123,13.962457337884,-1.86928327645051,5.34914675767918,14.9440273037543,10.4767918088737
"837964",8.92674094707521,-9.26072423398329,2.41309192200557,14.6768802228412,24.5955431754875,7.89359331476323
"841349",5.42674094707521,9.63927576601671,12.7130919220056,0.476880222841224,6.99554317548746,1.79359331476323
"844961",2.82674094707521,8.03927576601671,-6.38690807799443,4.17688022284123,-11.7044568245125,-0.806406685236768
"845458",4.52674094707521,8.93927576601672,12.5130919220056,2.17688022284123,2.49554317548746,-3.40640668523677
"849264",0.526740947075209,9.53927576601671,24.1130919220056,-7.32311977715877,-11.7044568245125,-0.306406685236768
"849971",-8.47372013651877,-13.437542662116,-10.6692832764505,-6.15085324232082,-11.6559726962457,3.67679180887372
"852455",12.6267409470752,4.73927576601671,4.51309192200557,12.3768802228412,0.895543175487469,24.6935933147632
"856766",-8.67325905292479,6.93927576601672,-6.38690807799443,2.77688022284123,11.5955431754875,-4.40640668523677
"856968",7.52627986348123,7.36245733788396,-4.26928327645051,2.14914675767918,11.4440273037543,-2.42320819112628
"857263",-16.4737201365188,7.96245733788396,-10.6692832764505,-12.2508532423208,-11.6559726962457,-4.52320819112628
"859671",-1.87325905292479,-0.760724233983287,5.21309192200557,0.276880222841229,5.09554317548746,-0.806406685236768
"861456",-18.8732590529248,-13.1607242339833,-6.38690807799443,-13.0231197771588,-11.7044568245125,-12.2064066852368
"865363",-11.7737201365188,-2.03754266211604,-10.6692832764505,-1.85085324232082,2.94402730375427,-7.32320819112628
"867468",8.72627986348123,3.96245733788396,-10.6692832764505,5.34914675767918,14.0440273037543,-0.423208191126283
"870861",0.626279863481232,-2.83754266211604,2.53071672354949,2.84914675767918,-1.95597269624574,-0.123208191126279
"871762",-14.7737201365188,-4.23754266211604,3.13071672354949,-9.45085324232082,5.54402730375426,-7.72320819112628
"871964",-1.27372013651877,2.46245733788396,-10.6692832764505,3.04914675767918,5.14402730375427,4.97679180887372
"872158",9.12674094707521,1.83927576601671,-6.38690807799443,3.07688022284123,1.19554317548747,3.49359331476323
"872562",-1.67325905292479,3.53927576601671,-6.38690807799443,0.476880222841224,2.29554317548747,-1.60640668523677
"873968",-3.37325905292479,-9.26072423398329,-6.38690807799443,0.276880222841229,-6.50445682451254,1.69359331476323
"877168",-6.57325905292479,-6.96072423398329,-6.38690807799443,-4.72311977715877,-5.50445682451254,-2.80640668523677
"877269",2.32674094707521,2.23927576601671,-6.38690807799443,4.57688022284123,-11.7044568245125,11.0935933147632
"878776",4.12627986348123,5.86245733788396,0.93071672354949,-6.45085324232082,5.14402730375427,-1.42320819112628
"878877",-5.27372013651877,6.56245733788396,-10.6692832764505,-6.15085324232082,-11.6559726962457,0.176791808873718
"882161",-6.67325905292479,2.93927576601672,8.61309192200557,-7.22311977715877,-7.00445682451254,-1.40640668523677
"884064",11.5267409470752,10.0392757660167,-6.38690807799443,-0.523119777158776,-5.50445682451254,11.0935933147632
"885975",5.12674094707521,-1.66072423398329,-6.38690807799443,4.17688022284123,-0.104456824512531,2.99359331476323
"887373",0.0267409470752092,-11.7607242339833,-6.38690807799443,-4.92311977715877,-5.50445682451254,8.59359331476323
"889579",0.626279863481232,-1.03754266211604,-10.6692832764505,-0.0508532423208188,5.14402730375427,3.17679180887372
"891667",-9.17372013651877,9.36245733788396,-10.6692832764505,-2.75085324232082,-5.35597269624573,-7.32320819112628
"894067",3.22627986348123,-13.437542662116,-10.6692832764505,5.34914675767918,5.74402730375427,-2.62320819112628
"894673",-10.5732590529248,-9.26072423398329,5.21309192200557,-1.32311977715877,4.19554317548747,-7.00640668523677
"894774",-16.4737201365188,-13.437542662116,-10.6692832764505,-16.1508532423208,-11.6559726962457,-12.0232081911263
"896778",-3.27325905292479,8.73927576601671,2.41309192200557,-4.22311977715877,-11.7044568245125,-6.60640668523677
"896879",0.926279863481229,-0.0375426621160407,16.1307167235495,-5.05085324232082,-11.6559726962457,-4.82320819112628
"898176",0.926279863481229,1.86245733788396,-1.86928327645051,3.84914675767918,0.844027303754268,1.97679180887372
"899885",9.12674094707521,10.5392757660167,18.4130919220056,2.77688022284123,-1.40445682451254,2.29359331476323
"901038",13.8262798634812,1.36245733788396,12.5307167235495,5.34914675767918,2.64402730375427,-3.62320819112628
"901139",-5.07325905292479,-8.36072423398329,-6.38690807799443,0.476880222841224,2.89554317548747,2.29359331476323
"901442",-3.27325905292479,-4.96072423398329,-6.38690807799443,-1.92311977715877,-11.7044568245125,-12.2064066852368
"904044",-18.8732590529248,-13.1607242339833,-6.38690807799443,-4.92311977715877,-11.7044568245125,-12.2064066852368
"907656",1.52674094707521,16.4392757660167,16.2130919220056,-5.22311977715877,-11.7044568245125,1.69359331476323
"910241",-0.573720136518771,3.46245733788396,-4.26928327645051,2.14914675767918,-6.95597269624574,5.47679180887372
"912447",-4.77372013651877,13.962457337884,14.7307167235495,9.24914675767918,2.54402730375426,8.47679180887372
"917255",3.92627986348123,-7.23754266211604,-10.6692832764505,-0.0508532423208188,-11.6559726962457,1.87679180887372
"922854",-6.97372013651877,-13.437542662116,-0.0692832764505105,-7.35085324232082,-11.6559726962457,-5.52320819112628
"923755",9.42674094707521,-2.66072423398329,11.0130919220056,-6.92311977715877,-0.804456824512534,1.69359331476323
"926862",2.92627986348123,-4.33754266211604,6.63071672354949,1.74914675767918,-2.85597269624573,-3.22320819112628
"930449",-3.77325905292479,-0.46072423398329,-6.38690807799443,-2.42311977715877,3.59554317548746,-6.60640668523677
"932554",-2.07372013651877,9.46245733788396,2.73071672354949,-5.05085324232082,-11.6559726962457,-0.123208191126279
"937160",-7.77372013651877,-7.23754266211604,4.33071672354949,-10.7508532423208,5.14402730375427,-12.0232081911263
"942658",-7.07372013651877,-9.53754266211604,-1.86928327645051,2.84914675767918,5.14402730375427,-3.52320819112628
"947668",7.52674094707521,18.0392757660167,-6.38690807799443,12.3768802228412,12.0955431754875,11.1935933147632
"951457",5.32674094707521,-6.16072423398329,-6.38690807799443,-1.92311977715877,5.09554317548746,8.59359331476323
"952863",2.12674094707521,-1.06072423398328,-6.38690807799443,5.57688022284123,-1.30445682451253,2.09359331476323
"955465",-0.873720136518768,6.56245733788396,5.83071672354949,-4.75085324232082,-6.95597269624574,-0.123208191126279
"959574",3.62674094707521,-1.26072423398329,-6.38690807799443,6.77688022284123,2.59554317548746,2.99359331476323
"965771",-6.17372013651877,11.062457337884,8.13071672354949,-3.05085324232082,-11.6559726962457,-7.32320819112628
"971160",3.72627986348123,8.06245733788396,-10.6692832764505,13.6491467576792,9.54402730375426,6.47679180887372
"978578",3.12674094707521,13.6392757660167,3.41309192200557,5.57688022284123,1.49554317548746,4.89359331476323
"979984",0.626740947075211,4.23927576601671,11.3130919220056,11.1768802228412,17.0955431754875,-0.306406685236768
"983773",8.92627986348123,13.362457337884,-0.0692832764505105,4.04914675767918,7.94402730375427,-0.623208191126279
"984472",-9.37325905292479,-13.1607242339833,-6.38690807799443,6.07688022284123,-0.804456824512534,-12.2064066852368
"990366",-1.87372013651877,2.96245733788396,-4.26928327645051,-3.05085324232082,3.74402730375427,1.87679180887372
"991267",2.52627986348123,-0.937542662116039,8.03071672354949,0.249146757679178,-1.45597269624574,8.07679180887372
"992774",-4.27372013651877,1.46245733788396,-10.6692832764505,-2.35085324232082,-11.6559726962457,-3.62320819112628
"993675",2.32674094707521,-0.860724233983288,-6.38690807799443,2.77688022284123,1.79554317548747,4.39359331476323
"996782",4.52674094707521,-0.860724233983288,3.91309192200557,0.276880222841229,-7.00445682451254,-0.806406685236768
