"","RCCA1","RCCA2","RCCA3","RCCA4","RCCA5","RCCA6"
"100307",0.356166324493285,1.29215128853863,1.56226643718056,-0.583540180815369,0.143029186654545,0.216083019851916
"100408",-0.46521891578208,-0.0978669203037406,-1.45263576547342,-0.515236569744116,0.700051026323913,0.0628934880660949
"100610",1.34243740392474,0.172642149814746,0.115179986434003,0.248760605040759,-0.361001026216849,-0.193144257773513
"101309",-0.409967730596045,-1.37126430421982,-0.450007390445752,-1.60390706604727,0.0616393021977868,0.134651915470527
"101915",-0.936852136185196,-1.09100849909689,-1.26118024699425,-0.126607191994042,0.544261112312368,0.572408551655279
"102008",0.449626610023989,-0.526434774131534,-1.95120207082613,0.938943350354753,0.494833615578064,0.321822830825991
"102311",0.274280555596665,-0.0716959527045553,1.53305127178462,-0.686102111297281,1.60370144671083,0.0929659148061234
"102513",-0.362084947750268,-0.793426514188135,-1.37538359125516,-0.0483204822380347,1.35379839758932,-1.00662621083599
"103414",0.711102516199518,-0.224103109996819,0.149092327283882,-0.157099997624568,-0.528939245473181,0.0224089821551406
"103515",-2.60701065268552,0.777655076772749,0.267025608594911,2.94255100070769,-0.839928630052992,-0.849424912530843
"104012",-0.2787559072581,-0.176982737019743,0.0333437501998513,-1.04546426898291,-0.104932685339925,0.176691381408696
"104416",0.243038377633984,-0.595188151759608,-0.79901685835848,-1.15891960732305,-0.276947503378777,-1.14438617808867
"105115",-0.338191646476941,0.444961713304514,0.107864564230754,0.419343447515174,1.29617829912194,-0.171316130308045
"105216",0.439533778681517,0.81989944293613,-0.712975927377292,-0.280516020357901,0.769135663911224,-0.44011409525145
"105923",-0.593708116223789,-0.53477043196039,-0.465185457832791,-0.181433398724945,-0.69097871948596,1.19702646968245
"106319",0.969643679843383,1.47707883933822,-0.36157807320819,-0.75354182185725,1.67537349897368,-1.12169413120076
"107018",0.59493753953873,-0.81608444717411,-0.418104650707717,0.203166104446218,-0.195551560442174,-1.00591402778197
"107321",-0.703676065441103,-0.686872220292832,-0.973788254116671,0.712598537197292,0.204302489907422,0.420423517451535
"107422",0.928816332586083,0.0150270885915526,-0.160913008956036,-1.27921219148234,-1.44742610159667,-0.134729635062201
"107725",0.669181479566115,1.06068179729226,-0.455336369502252,-0.477357648459735,0.195417527349669,-0.530127696652914
"108121",0.795544582277972,0.413275660991598,0.477479227274591,0.567368367381372,0.447655315208013,-0.286323308131463
"108222",-0.505232074460199,0.116274591350595,-0.664336528830269,-1.20804421284153,-0.433008501937021,0.186222189154073
"108525",-0.794537416887466,-1.19093699735083,-1.01327832722297,-0.140843278214557,1.74863757581124,-0.329658017775773
"108828",-0.61600754476701,3.14987358412661,-0.0543827094395268,0.457621989778352,-0.0157805691712429,0.678442404163989
"109123",-1.41421732314988,0.424063195089998,0.485006850820802,0.767973817826385,-0.208259347612518,0.665719556437928
"109325",1.47237309210328,-1.30379112821091,-0.277460127606564,1.40603859243007,0.218106362608686,1.33268349004672
"111009",0.08852580529219,0.697391105154837,0.0191367262372118,-0.544095894470788,-0.952143985280106,-1.58149340838918
"111413",0.62682451408097,1.70864595391855,0.977889279447715,0.693089205063421,0.856983804406617,-0.69425492371717
"111514",-0.308538648818077,-0.739661459138793,0.332466973159457,1.32402353718269,-1.44252632625985,0.852647107826542
"112920",-0.449392057390616,0.0855666971466585,1.94323853481901,-0.357751154118584,0.736191815501887,-1.08026296788682
"113619",0.20141554656486,-0.365231565389811,-1.14211896962273,-1.20767085234445,0.164340885985188,-1.55853624930419
"113922",-0.585088532044949,0.276864144010107,1.197344482822,-0.510397055090494,-1.00442440553811,-0.898971292393099
"114217",0.158397600673762,-2.13611666216604,0.84210523797624,-0.271389367393888,0.185447267328811,-0.712024578453941
"114318",1.08650843425333,0.551409227879682,-1.34990736257437,-0.0339075430391314,-0.380729384751427,-0.304994422470198
"114419",0.407763319458895,-0.0978011370075795,-0.507138021080717,1.08165626966152,-2.98454145098818,-0.549484803784629
"114621",-2.52704382160622,-0.988702269054585,0.201184946068134,-0.415932041931971,0.0326280303636358,0.0140967139122265
"114823",0.0353297980340955,-0.447192001771364,-0.647847004260797,0.449418284443041,0.501421450261769,0.0967857199768012
"115017",1.49741910855995,-0.385736862200241,-0.715546196989281,0.537655782198733,-0.35316726921065,0.975235827098703
"115219",0.160409283810728,1.47530010973853,0.623106000136101,-1.03609589501844,0.0189865476777804,1.30975789785914
"115825",-0.0774634086174747,0.0698965289630019,0.850341907833557,0.0604065146469509,1.27931034545372,0.122681625553175
"116524",-1.82706306944337,0.593886308294455,-1.19334026423369,2.46143880272116,-1.00210329103845,-2.65335374520015
"117324",1.7405024987134,-0.858255849349279,-1.33649107081195,-1.11143667630528,-0.0415523096091337,2.62732915342052
"117930",-0.285346705215384,-0.862324028960987,0.612279357628144,0.783423751822298,-0.57241134697213,0.0416663402444134
"118023",-0.285330476473794,-0.79854580627383,-0.328246922090296,-0.1631533517847,-1.05958429812362,-0.704231481365637
"118225",-0.116525720250464,-0.651007275842156,0.553570074359988,-0.991263319479928,-1.6871248933687,0.524069320382782
"120111",0.573955923495944,-0.496337788479348,1.64627841627508,-0.693270101957491,0.983747881839349,1.14683830836319
"120717",-0.215110850006891,-0.0809920413805362,-0.823898471306373,0.355632844444358,1.36028585106463,0.506838303812886
"121416",-1.75647560764528,-1.15369052412176,-1.46636220802113,-1.68824317875518,1.27228849749261,0.946638501484989
"121618",-0.201824574386879,0.963486132728634,-0.641105282259378,0.661766836572466,-0.274499130676366,0.0850306541462379
"121921",0.898981429240155,0.333290487169526,-0.48603120706818,1.28730108307959,-1.33618757004037,-0.410861285156896
"122317",-0.245630211668371,0.278554139897207,-0.111438266841167,-0.0907057082622519,-0.86118246443231,-0.0283798369430665
"123117",0.612160235386723,0.0514963072816806,0.231967328302854,1.65076837045068,0.328757804265038,0.531447424900967
"123420",1.28697412909967,1.80996984521031,-1.5667796704865,0.527443507905664,2.97607222180367,2.84550208645664
"123521",1.05036414501739,1.10717773904969,-1.90873690761331,-1.18997690180798,-0.79587650186173,-1.43107089401349
"123925",0.583594853647383,0.393085672081193,1.14509226743021,-0.774584782464808,-0.25512146740466,0.855766638947586
"124220",0.391256143770298,-0.913188402007119,-0.346116515418076,0.441882335286871,1.06506121498333,-0.202166025875924
"124624",-1.10719284980838,-2.19407964875005,0.220420789433798,1.65728070157818,1.06753398902562,-0.808730391102634
"126325",1.40357198548094,-1.42726053078927,1.01174464878819,1.02839995092516,0.682263384517763,1.66712370342975
"126628",1.61441426642961,-0.183929907965647,-0.396445640043798,0.775427963488136,-0.233819355525342,-0.24010230687822
"127226",-1.08958233068767,0.773072613689558,0.00126152945738623,0.496635430308526,-1.28187770422192,0.734713667133017
"127630",-0.607764169425901,0.292045562387802,-1.0899209483239,-0.784737959642018,-0.896798544752877,0.340939015604916
"127731",-0.0256481734855394,-1.17508329254106,0.232847059815138,-1.13986318725057,0.770013847563541,-1.14125730339265
"127933",-0.739454225211041,-0.556545386821209,-2.16225373189808,-0.535800855200351,-0.0386961953724784,-1.72380982379865
"128127",0.53991880791636,-0.0387137801047219,0.667600018081589,0.861256473846164,-0.167572297787946,-0.991519872476258
"128935",1.33599110873209,0.356880202284643,0.528627913273033,0.172304478895318,-0.0984800308985858,0.124621176443642
"129028",-0.4767872995782,-0.992679063083427,-0.404835474663291,1.39232780664169,0.390901657226816,0.258363296519401
"129129",1.115031175539,1.47547375234353,-0.0572882690600213,1.33497935464182,-0.439595425259347,-0.516454804361461
"129331",-0.481681956516552,-0.029864883764625,-0.69641578873363,0.0228525073233645,0.598224320890202,-0.0824520931181126
"130013",-0.986663401671453,-0.0980064091302542,-0.394934259864886,-0.7454997583584,-1.89482232363143,0.620408654787392
"130114",1.62975152031394,-1.10626038314135,-0.827136569467319,-0.544544153451124,-0.43780018069415,0.745294907273927
"130316",-0.5298741643638,0.525345642990331,0.295420905998376,-0.270847082495381,-1.70373850281721,-0.0642123081427544
"130417",1.2130734775024,0.72086014306305,0.805394990407348,-0.316444118388903,0.0388939814680083,0.350452997412131
"130619",1.22672637515231,0.523174082712715,-0.313707341019898,0.574824570188412,0.174331361474766,0.320186191810154
"130821",-1.06197627570139,-0.116594175034053,0.26945876144703,-1.48485002466056,0.775817584305188,-0.367295409888332
"130922",0.863521877469007,0.33000099059582,-0.128708381912746,0.124313737778265,0.148707290009443,-0.144241109241996
"131217",0.207364036463874,0.51512463523895,-0.0230704128096263,-1.31349354144918,-0.217417282238397,-0.665484552076153
"131419",0.987577305255242,-0.103820460998932,-0.449506691457767,-0.426299790233163,0.454517732246178,0.45779885597728
"131722",0.194020184540647,2.1744362629654,-1.54671708969229,1.09535336540101,0.674519374892177,0.590341669259847
"131924",1.17805523992985,-0.93043190248088,-0.00143385541476684,0.123896080090493,2.06906934194212,2.45872390107997
"132017",-2.31662955387991,-0.462282324649658,2.30705526726236,0.458651746834805,1.34706030919137,-0.199772525285934
"133019",0.193674875321538,-1.13420466624678,0.140985950632117,-0.625088454559633,1.2048828846486,-1.08390638688996
"133625",-0.194695855417541,-0.0115715503202529,-0.0313256914577088,0.467839651517433,0.307331334238211,1.50557209837303
"133928",-0.76952134532254,-0.167941353901097,0.904197317285818,-0.215841090119583,1.05819074087217,0.0617177384017068
"135225",-0.167001228619755,0.485906483019816,-1.02110026107154,0.317077840162897,-0.494900578838542,-0.568829036550487
"135528",0.146872862211407,0.192351748364465,-0.0953873037948773,-2.12985756016038,-0.447825036210196,-0.125899360583082
"135730",-0.201419846002267,0.852586199417363,-0.598795283221899,0.00780898456597054,0.404960647953126,2.18543152490196
"136227",0.539315322424993,0.366094643189657,-0.523421933521876,0.122781326248405,-0.0065472785048421,-0.078631540781678
"136732",0.604405413494226,-2.15946826835989,0.265412014114059,2.18799337523334,0.800212280066084,0.246017508572475
"136833",1.44074209064208,-0.728897948945214,-1.09825392571222,-0.152036077079183,0.0508240576148321,-0.431026911323739
"137027",0.634099961029506,-1.27046679918966,1.76552397738255,-0.075682645343485,-0.678713822465298,-0.407669355738649
"137128",0.104204849703871,-1.06095646197236,-0.088490719719565,-0.535231029712451,0.872839866625474,-1.56851491394426
"137229",0.912920859972893,0.856168606310222,2.01204905201841,-0.479522321911581,0.0186818832072755,0.563531507908163
"137633",1.04600758873891,-0.686257268595505,-0.775512546527065,0.554093755064876,0.211532671483974,-0.370310169283103
"137936",-1.21042139657308,-1.7813609910752,1.15101100193868,-0.541443791929704,0.372547048242052,1.74321300023923
"138534",0.640510974755432,-1.6178790885805,1.27080638311613,-0.332459057904435,-0.272763570148243,-0.544870523369995
"139839",-0.413682145667946,-0.06978817487798,-0.31352972280172,0.264402617048002,1.00669839763461,-0.154952763438524
"140824",-1.44282650929776,0.00011944049291733,-2.77648711357996,0.811791998148064,0.897695385569661,1.91607014656149
"140925",-1.20081646467276,2.27464558262313,-1.12810861436723,0.138461586043015,-0.00982229172205473,-0.402515003584531
"141119",-0.923032435565354,-0.212817867281946,-1.16527031228404,-0.694561213144175,-2.78356009720882,0.802748615356676
"141422",-1.25265786813284,-0.0148476137210688,1.03496639772115,0.0834766555465488,-0.71408721373387,0.425810658278429
"142828",-0.27651181182374,-0.808508404588911,-0.924957727952929,1.00636387595573,0.36487365731025,-1.2612403907186
"144428",-1.50326889997425,1.41520841618599,0.573545159464782,-0.0185511595341773,2.53947548516648,-1.15534960607974
"144731",1.25579735107623,0.387269808149497,-0.673850728995819,0.802651922103188,-0.630273007804415,0.0230913163986057
"145834",-1.74063552101877,-0.361622044376908,-2.16391267108943,-2.96823849971086,0.191733814848163,0.455758565416818
"146331",-2.22664648296679,-1.39328579052152,2.03001708495706,0.19588763670429,-0.143929969365462,2.5029764499
"146432",0.278625976134353,-1.96570326883304,0.401497472506741,0.244855741467843,-0.942548810174168,-2.62150956155185
"146937",0.571561036033519,-0.642371005510738,0.0560710588249827,2.52778537759555,1.12508564785695,-0.172395891326906
"147636",0.283676677321541,0.186451798854981,-0.593370224769353,0.350092206519566,-0.865212893721229,-2.21377696489099
"148032",0.626364212532074,-1.12754852868498,-0.347315147109618,-1.04286278656798,0.332286373443009,0.197679315426516
"148133",0.0444243203559845,1.35233970840274,0.74969048963969,1.13220435832812,0.1723341564301,0.0478119632176741
"148335",-0.292824480257911,-0.113329752100392,-1.02767951063449,1.24784884071188,-1.0083823958723,-0.403637632235889
"148941",0.884778700252565,-0.0170742264134942,-0.804627278795842,0.282609006156539,-1.47758281578837,0.225112131188931
"149236",0.803679047537488,1.1210463645196,0.291788492914478,-0.13582957143009,0.557994633514056,0.0910692500467012
"149337",-0.301454521901629,-0.226189839310118,1.01897972952715,-0.951079563900641,0.467167159584965,-0.802707571242436
"149539",1.88144079573187,0.889495011686848,-0.207190287298676,0.568029151801242,-1.05966108578652,0.772062655757315
"149741",0.966989642191745,-0.595392453530135,1.10858778908143,-0.555204314351972,-0.237045340783899,0.299754037526262
"149842",-0.258779295475441,0.480929967796631,0.985583037250353,-0.604085481549527,0.24386167799821,0.470028578030378
"150726",1.41375002543811,0.892007973135259,0.317946050342825,0.351299487303512,1.08032663426694,-0.157963945249141
"151324",-0.779947003977147,1.05855549372915,-0.156864214785113,1.21632979694311,-1.19966970996262,2.23131831675396
"151425",0.597022734958189,0.918515063847776,1.70986086717241,0.865390630202918,-1.06794335367086,-0.0687309672350265
"151526",0.418806125221996,3.54356283453606,0.276786188208201,0.839835356688707,0.402246675881385,0.0267431895451111
"151829",1.02240885956038,0.636288929720298,-0.0595323506738279,0.557766871244385,0.463235599086426,-0.0864835148276422
"152225",0.434269536065982,-1.11158620816906,-1.21280126462563,0.479631090156959,0.604639545572152,-0.713811037328028
"152831",0.395242469943288,2.22261966686306,1.30983583562126,-1.19296752307721,0.27870491213883,-1.03309099247723
"153025",-0.91836902102885,0.000622766824097495,-0.436067774786837,1.69533792826505,-0.163749632623819,1.57547603775261
"153631",0.820600074336919,2.05161271308729,-0.313484768756128,-0.462159842719481,0.417631055147063,-0.160831732053991
"153833",-2.24555664840798,-0.262971400973576,-0.0594168545818726,-0.568132181097461,-0.500392106013888,-1.08952751713678
"154229",-0.240004200963954,1.65862939330305,0.259641801808035,-1.33100784845,-0.773996143329926,2.98512434296563
"154330",-0.371809689455723,-0.233947260821995,-0.404927735780295,0.0567558396486502,-1.48078014003236,0.331235184435351
"154431",0.651023803584987,-2.13011698529635,0.930873145265457,-0.130474928432249,0.958183299818228,0.547736013980719
"154532",-1.02482812725051,-0.291744502467923,-1.87636367278823,0.570563251412906,-0.698659475037687,0.897003926208712
"154734",1.41881279017045,-0.871321010592531,-0.504783105746379,-1.10819363740577,0.354985503601672,0.777184195850905
"154835",-1.04843694468962,0.342476412502362,0.534603128842086,-0.0511104551400801,0.126616137663422,1.10684025454429
"154936",-1.53100984832841,2.47215636735363,-0.615042303425984,-0.530450079170535,-1.81621717205773,-0.8223912951608
"155938",1.48125941652377,-0.457879559459122,-0.65564006303314,-1.23986313043882,1.13131158138046,0.819353031310836
"156334",0.451782393248774,-0.678887272071401,-0.272301843546528,0.0171649347379574,0.422527160281206,-1.21414436229951
"157437",0.134759006087132,-0.317714387693531,0.915804460447977,1.92612394244836,2.5553879881679e-05,0.351027785572786
"157942",0.739157974570813,1.00073900962655,0.622572597507736,0.355837748251879,1.40820700306583,-0.321986290946554
"158136",-1.12974472204055,1.73143193064494,-0.232000191184548,-1.28543073252662,0.979177629804894,0.467386313463725
"158338",-0.407849293182018,0.557394544205055,-0.381980831070323,0.370771957036931,-0.819371442872078,0.604662835656159
"159138",1.04301806272123,-1.29105638052663,-0.29792966672937,-1.0301524272089,-0.653840093116155,-0.0346548309146536
"159340",-0.540899029717521,-1.92051789131163,-0.156653830050033,-0.997921762901817,-0.139233353907007,0.10851210557103
"159441",0.811511402729812,0.0762387323537189,-2.67747452505116,1.28279525874302,0.887056618529333,-0.0031756419023224
"160123",1.12847583759606,-0.148849778627896,-0.615638087725144,-0.0425464338736062,0.495542669401896,-1.1507295017904
"160729",1.05442968606772,0.498003534687562,-1.87206082992339,1.98534506440721,-0.356241366276125,0.981581077941622
"162228",0.856722732966093,-1.56177476750692,0.515567369311347,-1.36787401828876,-0.007772880314036,0.334721315458462
"162935",0.383420952188095,0.583325578700502,0.571152892166298,-0.858008473925066,0.640613833432158,-1.74143173515402
"163129",1.10108212621547,0.750912283981447,-0.855743060252436,-1.68501336804294,0.183196107523666,-0.0944769082021334
"163331",-1.27241039762838,-1.37005864715672,1.11136730228407,1.54406288633223,1.2672476893191,-1.188679923189
"163836",-1.63189660144317,0.118649341647984,-0.0715231320817681,0.619920130527454,-0.587644460480134,0.54344573509663
"164030",0.46228501402735,-1.17061918896567,-0.182920199604,-1.08918594367688,-0.677460723947652,-1.54381376759186
"164131",-0.296540829504121,0.466464940583128,1.2022689627155,1.19908128904006,-0.0204376748393199,-0.367262080159106
"164636",0.225232255696918,-0.710751029562061,0.0063077611638951,0.471312960805988,1.61080001517145,-0.13965932140316
"164939",-0.472392262727651,2.60290854631796,2.44880576947668,-2.11417210272072,3.22114149369927,-0.587510345822857
"165032",-0.693125448768574,0.233504826192368,-0.484508635608173,0.891763108048993,-1.23528450639236,-1.14829842723315
"165638",1.33157262177554,-0.72324180911135,0.684816240523539,0.0686844494671001,-0.999107231564814,0.552951428349572
"165840",-0.821929105973193,0.261978337542382,-0.440336863472684,0.541770404895003,0.0399864963794911,0.397750573757675
"166640",-1.40595140634178,-0.049962827541267,0.421485934078818,1.10566906146616,-0.106815585295157,0.765410171088824
"168240",-3.01527209850334,0.453266098588186,-0.468495940468667,1.40170084795543,1.88517088992803,-0.408842119351442
"168341",0.670813143778156,-1.14561354050414,0.125156483417378,0.241935432201748,-1.73317390887967,-1.76248170413419
"169040",-0.670603046258763,0.53021287956116,-0.604104979929859,1.14543880672546,0.852348742117617,1.62073588054466
"169444",-0.230968983238807,0.492510897396811,-2.8407429020635,-0.736264866738377,-1.13680490899025,-0.288689786651979
"171330",1.1241370991891,0.564393528019429,0.66553656356193,-0.30732584570104,-0.048632574239139,0.01325658688773
"171633",0.609677091314293,1.64429779495123,4.10065675971818,1.44264259260163,2.41151136935707,-0.657794553043889
"172029",0.167010794580525,1.34261529212424,-0.0672769178200303,0.583838033151567,-0.394748822264968,1.5955568876293
"172130",0.867129697953331,0.451404421639629,-0.431553872796413,-0.633708857059658,-0.701839979485856,-1.20190091086017
"172938",0.0126068682115001,-1.02116742070626,-0.791628098242936,0.841920474783886,-0.826546698960028,1.45314497489597
"173334",0.277817105287615,0.465966373244642,0.345494346889019,-0.170690576043623,-0.342481882103381,0.852307032128046
"173435",-0.209544505584482,-0.733127022921513,-0.863225500075859,-0.0719749905310031,0.735528853872106,-0.296221576283203
"173536",0.285768924405396,0.915265537623027,-0.563412924364892,-0.5234227110456,-0.653945811834915,-1.55275296546547
"173637",0.878829756794157,-1.07199587128078,-0.870983018721591,-1.53747398070504,-0.705823325022698,1.01976494511048
"174841",1.08833091660771,-1.92771338255296,0.761450740175441,-0.0211648441562548,0.568739645482214,0.0149909810637048
"175237",0.176829478063931,-0.524406977765216,0.759362967921891,-0.32562444190175,0.487031588005307,-0.922085071525802
"175338",-2.04006158195697,-1.0885653465695,-0.505424856701025,-0.785108098093157,-0.569807447303819,-0.372170754217642
"175540",0.0522694138193538,-1.21642035760345,1.26358148255162,2.04714565283889,0.53848327293379,-1.1966858264048
"175742",0.46076843995441,-0.918778617498264,0.647831455658089,1.76562337145546,-1.03429308779951,0.510548030084345
"177645",-0.581823175181018,-0.0312044703348736,-0.794339806701719,-0.19117927775661,0.604099300951168,-0.908147272468897
"178142",-0.80791151947823,-1.57116225838777,1.16425962927339,2.17098536468228,-0.335490518012252,0.592421252863801
"178243",0.381007046187393,0.179307126739198,1.19914526557517,0.320840405206419,-0.391185964908546,1.20793044010996
"178748",-0.983594801290344,-0.0429337779626206,1.09510861880976,-0.292514987264489,-1.22117500653841,-0.631662346255609
"178950",-0.267722162488274,1.80342892468682,1.25432667026704,-0.791721368155284,-0.300000349857637,-3.17537062387319
"179245",-3.2954732485385,-0.696491577065616,-1.75898024561562,-2.2561479105047,2.29419010040472,-0.179835089032516
"179346",0.276604931482264,-0.882883491653672,-0.163263950140931,-1.08229335145465,1.03208480466559,-0.710629757632169
"180129",-2.26277853559317,3.56141070780003,-3.0678550316654,2.90415006496938,0.859564430446105,0.25497444397115
"180432",0.83225476136148,-0.137817817108567,-1.0671351412445,0.207882282513441,-0.747214210334646,-0.882049711236419
"180735",-0.116730714186808,-0.924864932338268,-0.0957110897207895,-1.27092320209912,0.568717807294884,-1.55374991716943
"180937",-0.797705698524179,0.71680259361198,0.0939903181958147,-0.0280539937156362,1.13686293397391,0.515166376583331
"181636",1.08533020509071,-0.273720179865346,-1.44998494287856,-1.03785873439756,-2.09036812073869,0.750315018594625
"182436",-0.802873508482198,0.78748776249788,0.551829246467761,-0.802512914621478,-1.28260762067714,0.759508513533519
"183034",-1.60410509509488,-0.849260847931551,1.28519551565335,-0.338851654295589,-1.17622187653348,1.81907381207544
"185341",0.0602061060784607,1.90162507546254,0.26634053409254,-1.96605976519034,1.5182913145491,-0.647734684639573
"185442",0.0159076154854009,-0.58786426141832,-1.05448499959526,-2.06446169251683,1.20706982366744,1.29939414346948
"185846",-0.312522707719112,0.859575722159788,-0.708496783605298,0.421802811397311,0.605374026807918,0.833334801547855
"185947",-0.161043692328068,1.50165163333932,-0.84057945338906,1.50228495599729,2.43612334596426,2.16913330532878
"186141",-0.930100643374023,0.385652985475552,1.62142223364519,-1.08306277817526,1.13585217058903,0.176545633967135
"186444",-0.497114391136829,1.38889273461547,-0.109670603908932,-0.0208870152242385,1.51660753109023,1.24582116891526
"187143",-0.807593758034787,-0.287607875909545,-1.08300719804744,0.437080871178011,0.500865710087312,0.312779192234688
"187345",-0.0282424163959853,0.204884618130064,0.325023421575293,0.0422657125365792,0.144502471265921,1.07618750069338
"187547",-0.580584480615634,-0.682343467390101,1.28908987509525,-0.386001108577046,-1.59105211316834,0.811894086219892
"187850",0.755766053550006,-0.461925703585744,-0.90372680015137,-1.53420672333276,-0.300678592900449,-1.02467272545462
"188347",-0.904794317686466,-1.80292788529058,1.30350313753712,0.555527571835569,0.591530749155824,1.90053622208515
"188549",0.522799003517377,1.10680718714183,0.186531279698913,-0.226840789680971,-0.277140046867687,1.37520130772196
"188751",0.884296093110582,-1.19392604807324,-0.245658002891099,0.160337986256947,0.285948533698848,-1.5660020211633
"189349",0.487323628402402,-0.565770662159717,-1.33496843902993,0.27448242959614,0.472373265178408,1.36787557977864
"189450",-1.60629750214055,0.386918100990459,-0.208380187947913,-1.61990170345325,0.522781933985806,-0.85193160521344
"190031",-0.265844290669868,0.388798609081734,1.47430520413369,0.447207752274701,0.357716651831942,-2.38774370181238
"191033",-0.277892326553669,-0.190480855096009,-1.33261267447514,1.02033605814524,-0.364141622107808,-0.671098857300071
"191235",-0.366185941053114,-1.34797583002754,-0.439051558838213,-0.221178819228562,-1.17642111026914,-0.261785604828874
"191336",-1.33282486058798,-0.168454074787088,-2.42869088026372,-2.25380621663538,-1.06413155539933,-1.93500767640366
"192035",0.325370155395107,-1.83658863419425,0.443563278328548,0.356671758946123,0.674202793287914,-1.17651456748944
"192540",1.7332169360135,-0.278839561843887,-0.66262007872255,-0.996292424550926,0.439827450005014,2.9060996048099
"192641",-1.74403859029939,-0.791186357093222,0.490121224760148,-0.465095090202957,-1.13546596635724,0.501764237166449
"192843",0.572871965335715,0.234251543268831,-0.338947088695222,0.728562540182905,0.631689405067422,-0.911380928925668
"194645",-0.545549209635374,0.431812458140275,0.0133419937724493,0.700688547859111,0.494527483269771,0.202890958854095
"194746",0.809990829704931,0.153335351471913,-0.175537205925875,-0.392880117663704,-2.10085494024708,1.84204687013815
"195041",-0.490680915556125,-1.85981208415543,-0.0251309410134743,0.640412063575339,2.57502612946508,0.443287107263255
"195445",-0.378497510988979,1.14757306514403,-0.385810434595971,0.752036761365132,-0.554724774873679,0.4635110088857
"195950",-0.16592239684329,0.291434917036494,-0.249331211938542,-1.14667659967105,-2.49360267576278,2.27212921739457
"196750",0.398762290618217,0.956984442030948,0.158051182361923,0.98929128348076,2.15104038120902,0.0662677684740969
"198350",0.979979178885325,0.127080975887444,0.811177950735939,0.349888528141419,-0.709105213595825,-0.72197294664068
"198653",-0.0384376070679134,0.448547121225051,1.34251426320948,2.24508548364532,1.41832798606975,-0.81872297110939
"198855",0.404880736561805,-1.674397529887,0.743564165839425,0.893594130095246,1.10403300749238,-2.79343882053401
"199150",0.99486740366353,-1.05682770808324,-1.76890519020122,0.0351405513726096,-1.55338369399482,-0.619076676556664
"199453",1.16238635003786,-0.304963064543916,0.761835527460527,-1.50176108842127,1.35828257796459,1.20168219141656
"200008",0.585639458966402,0.462676274617282,-0.378159381474894,-0.318552403802607,1.14466552665933,-0.853095486799425
"200109",0.914468059349525,-0.217319508427876,-0.390062483461138,0.0157096230836747,-0.160936218213748,-0.00706108708699865
"200311",0.0610182867408156,-0.346913443244851,0.136230997401859,0.0497115861465083,0.288122914388843,-0.314427703174725
"201414",0.212175401133793,-0.479636519948808,-0.436564083015598,0.463410554336775,-0.412340049408955,1.16399989314444
"201818",-0.357931623936651,-0.0508563152145907,1.01901598120433,0.302096533212327,-0.767987355159963,-0.392662578525699
"202113",-0.108912348879128,-0.226284361360151,-0.129768615987902,0.8698546654977,-0.936484781631239,-0.666918135399091
"203923",-1.26519965421191,-0.0458956990021154,-1.26076266389204,-0.168886419306698,2.98205219823781,-0.761662256947384
"204016",1.51974025423148,0.675153703879537,0.408973218078079,1.94022868724883,0.240326534911565,0.506291177194475
"204319",-0.693475252702295,0.792878559332419,-0.466200418988086,1.86377516718653,-1.65954275861698,-0.128395556218491
"204420",-0.369728276254159,-0.891631741833285,2.54161279707856,1.31106659590535,-0.684879143131678,1.4026044800876
"204521",-0.336073172824745,-1.62230524118561,-1.15342239829836,0.647555872651854,0.0109912632887033,-0.980605217250874
"205119",1.25190785370932,-0.592339966965642,0.228609751795041,-0.0493999301642097,0.382714022845627,-0.073476639373508
"205826",-0.183003158714575,-0.622359116891559,0.321952397303348,1.53944311528588,0.952461782649775,-0.824522243467354
"206525",-0.370661887518534,-1.07431392483014,-1.16637793705933,2.09098664516727,-0.443118554574931,0.0739408191399007
"206727",-1.33695752953829,-0.18871549581182,0.455164264034413,0.10140345040111,-1.5710713874444,0.487279825031332
"207123",-0.300195551089265,-1.56636760978623,-0.988685888755071,0.889454300586934,1.27417690629177,-0.503195624792445
"207426",-1.0727996182535,-1.612622870078,1.4082702543632,-0.46494495728889,0.21607570922226,1.78637857279555
"208024",1.09989029623235,-0.17055153085873,-0.174497978268303,1.1770123583807,-0.0396746308445084,-0.332633282666765
"208125",-0.854546317457453,0.783596923022285,0.808655819944081,-0.696006114643619,0.635083939166039,0.248383750198276
"208327",-0.110381847546104,0.587763347249244,-0.379437025538706,0.0891717029336653,-0.720684075976514,-0.353746267811469
"209127",-0.177959742623059,0.496263585534897,-0.486039836722784,0.538439647256605,0.621535958248451,0.673768093302445
"209228",-1.22807964188431,0.105874667125754,-0.114954453158086,0.927342702008774,1.71481814233791,0.403722337122611
"209834",-1.69816272537706,1.81833871796424,-0.175564224012641,-1.58892025705233,-0.583926369422161,0.750473771549143
"209935",-1.3908554926484,0.948498070232275,1.56160238401942,1.49361902399578,0.113204203921691,-0.714311412548771
"210011",1.02936962269059,-0.908843611982334,0.00366479127663383,0.354333013578036,0.0996240132754574,-1.15119663401481
"210415",0.721059319061542,0.658272060886471,0.802664953631413,0.172324774145577,-1.19830067833192,0.220134392045003
"211114",0.329432129709857,-1.3496626874303,1.68039600282461,-0.885817407551674,1.13920727930648,0.749196457897881
"211316",-1.09424922814911,0.517284318065014,-0.706290391790704,1.80535051934888,1.24534141164389,0.246609944064542
"211417",2.09225283161948,0.122557578842403,-0.504077820304274,1.22792409062451,0.379948667155054,0.533640111215576
"211821",-0.757575417500196,0.296972385397006,0.338938430302788,0.705269396194335,-0.781680749024085,1.15245547943028
"211922",-0.43028395949864,2.05428535858576,0.709270241832294,-1.74839366055005,-0.293534443523094,-1.71891904099811
"212116",-0.393718063070182,-1.99245382234564,0.543325894132099,0.54743868545846,0.736891588953439,1.32836847467701
"212217",-1.25208805922723,1.50922717875833,1.57273403524037,0.104990702287823,0.587910405331822,-1.56565043179742
"212419",0.847349790551226,0.370943352850144,-0.373579363342921,-0.721326993769528,-0.796599848698448,0.431676947764754
"212823",1.36030941746414,-1.17363272973157,-0.0340497987376356,0.206442369083337,-0.648760904802492,-0.0144427721769272
"214221",-2.39288906797562,-0.0107222295341716,-0.592253222246978,-0.418410313559054,1.64025394510391,0.428680082592886
"214524",-0.0578622527583143,0.705671552317779,0.104711872004122,-0.679011636623269,-1.30445605706512,-0.144430576806868
"214726",-2.00968198544845,0.175370647311996,-0.232105394557222,-0.458401686890594,0.295882535131178,-0.890557483088292
"217126",-0.436224655052018,1.0616251909018,-1.14382354589608,0.626436789712416,0.457771309011384,0.574558828965397
"217429",1.10597645679992,0.228312484786992,-0.973720025322732,0.847121504806262,0.423904256665288,-0.74908990496552
"219231",-0.403115965063489,-0.453657023130705,-1.41069970068694,0.414250676519704,1.6466911584825,1.99787388404994
"220721",-0.649272886444535,1.37974601083074,-0.7003265643322,1.49349942067225,1.38756114602312,-0.196029328332218
"221319",-0.420617686987991,0.942257264741426,-1.45116276604008,0.48978342125652,0.681284429227642,1.20949114612254
"223929",-1.03773221137954,-0.684379498634146,0.282095325070052,1.51765774798654,0.867290094949891,-0.549441705653276
"227432",0.729179026534693,0.257129535992379,-0.697606961851738,-0.857585896989098,0.540631053270328,-1.69754235447017
"228434",0.636860776736133,-0.606312592211481,-0.590239222908361,-0.273447788841441,-0.880474650744994,2.24757697614756
"233326",-0.228812220993228,-0.776700488154036,-0.846943852402238,-0.800721513030061,0.891922239407638,-1.27096284688045
"239944",-0.41162160519068,-1.45967502047732,-0.772572987002925,0.0814301616051023,0.615101156137446,-0.817929347574458
"245333",0.35779283673192,0.0587294630985366,-0.0724977055485,0.0801396599049877,-0.217150544103763,-1.41527197423546
"248339",-0.564898754188609,1.52371251950446,0.915067974293084,0.995304765849679,-0.375182914294967,-0.698726055433645
"251833",0.0379481956564706,-0.273215930997162,0.000444251914222593,1.49388025263036,1.41934956518464,1.12425160994698
"255639",0.805730602195425,0.272156192701693,0.863081993997116,1.88121813745199,-0.597824139307009,-0.967341375842972
"255740",-0.266749932358992,1.5455242483423,0.16474730387822,-0.367143048184908,0.431478153338188,0.425137374944381
"256540",0.697576297761136,-0.8973022052363,0.812388623772678,-0.596001077269848,-0.788403182031188,0.98952376161436
"257845",1.45074518072686,-1.35940854426812,-0.782387757507833,0.383576806757073,-0.642923131847136,-0.467024876330362
"263436",0.817188867681771,1.17917167176352,-0.440072680479955,-0.546447419761574,-0.881151091521948,0.0452595928770979
"268749",1.25104031222193,-0.597042943902803,0.735014975734647,-0.631315593769703,-1.04747402956196,0.953607126777366
"268850",-0.8356708879101,-0.372269607130475,0.425204418516407,0.230437020806815,-1.54355463161396,2.39527139165953
"275645",0.24677526000025,0.591684084627722,0.42617769025438,-0.553818280941571,1.93265621313572,-2.62468937509082
"283543",1.39950838118835,0.48971804676621,0.26961065454578,0.198090039145104,-1.16996467009871,0.165914917243484
"285345",-0.0933543131712287,-1.60697576718367,0.187043902440258,0.352096183297191,1.10786575054562,0.923070116425558
"285446",-0.404160889190759,-0.453886369090039,-0.728814608538277,-1.18810218885382,0.903142741209382,1.32846787055457
"286650",1.03447687590295,0.271712990813343,1.69908525513062,0.215336853548226,0.274309816627362,0.120678902533062
"287248",0.735606561722708,-0.526610875118063,-0.266678868935088,-0.359897719315197,0.896935907516561,-0.153011403073784
"290136",-0.12325363677143,0.45646735610075,0.0226429131540647,0.362745339603507,-0.338477558330469,-0.0133517580915033
"295146",-2.02410741856038,-0.0225459207404541,-0.532837802389147,-1.30036570678456,-0.350949512598241,-0.68485606724179
"298455",-0.331589700181043,-0.138718023867355,-2.3780960409986,0.134606507058825,-0.205008807742473,0.161679294395633
"300618",-0.382668086677441,0.0901720313214257,0.118380708193827,0.341204583735569,0.152723741526169,1.67251662891593
"303119",-2.89611467873363,-0.0590850177224341,-0.0600787353461217,0.981967311506269,-0.366934848582823,0.302676482847975
"303624",0.956964019501778,-0.963078515523412,0.139913911981551,-1.34066352955091,0.916012563866767,0.13395228043213
"304727",0.879944361131158,-0.759005766818788,-1.06619433567729,-0.719988777521675,0.213581897962999,0.0400200869132275
"305830",-0.29668333531253,0.0572497734873095,1.43692899246179,0.920274299863855,0.311673614908286,0.323000899704558
"309636",1.08425949261556,0.350266423754191,-0.00135028433531351,0.625345865849463,0.635619091305967,0.096391149501353
"311320",-2.31359841236513,1.20498467111711,0.706615409346352,-1.06314599019363,0.450592064771167,-0.833753863614714
"316633",0.739158424657483,1.34305378795745,-1.04669562333595,-1.00265115384418,-0.659994178478593,-0.295789862940446
"316835",-0.638297987821208,-0.863891903407083,-1.64156796256915,1.28958028879562,1.84106523303435,1.34001030817797
"318637",-0.66330017411404,-0.828466650341858,-1.18538032270264,-2.49303231445884,0.0444092165569687,0.701857112624621
"329844",0.270921849861862,-1.54569605606833,-0.503689475927766,-0.976997824070661,-0.348131076490709,0.413223285889594
"330324",-0.860240426656921,-0.965056575084161,0.517110085361148,-0.373708353654692,1.08972747797619,-2.35280072861856
"333330",-0.573853986532403,-1.09651168217341,-0.636610913049732,1.25912465261515,0.70428250102058,-0.862435681829814
"334635",-0.080373469125563,1.06490108111688,-0.142539744300128,1.30936207681316,-0.527826266431743,1.021411217217
"341834",0.81535112382577,-0.0476802665199102,-0.260605808030127,1.00194527359366,-0.341367244709879,0.59680550508796
"342129",-0.762652062587967,-0.848603721096914,-0.656388131678315,3.01861535674814,-0.425140603740156,0.38232691882458
"346137",1.60704420831883,0.336605652564977,0.377726883012276,-0.856433669544291,0.335712461696906,1.61480276320613
"346945",-3.18177138002023,-1.00269841388922,1.01611747027478,1.83563888018822,-1.03680013674965,0.0790320373760172
"348545",-2.73400890589395,1.87072897970243,-1.15417643634419,0.808615906906541,-1.09418362934454,-0.808500324019577
"349244",0.922728053207492,0.176595462346275,-0.143410683087325,0.063635203752371,0.38813823159351,0.826791992413754
"352132",0.0456190970642589,-0.328680741888078,-0.679050747012462,2.11239076545562,0.091177811405333,-3.35786070919482
"352738",1.06958624764243,0.241401581636001,-1.0524557487892,-0.918722568133068,-1.19591249636112,-0.792537474726209
"353740",0.306038371405162,-0.199167288827332,-1.07933088864798,-0.970312470716969,-2.75108119897673,-0.033309382147876
"356948",0.63106236738202,-0.121234470791799,0.186367264490857,-0.225770524227111,-0.0173370038771508,-0.178036594626117
"358144",0.412683961032265,-0.893813581819614,2.8926561921867,0.0187859312205114,-0.456143411525137,1.23822538181029
"361941",0.0737408736794656,2.41139930462814,-0.853204241389579,-1.07199913454286,0.487821522631112,0.868606505016531
"365343",0.776961479532267,-0.893276065547843,-0.549304216681268,0.871005473776476,-0.0655328911198467,-1.17033621279488
"366042",0.181727433461102,0.831143382337734,-0.853331079430376,-1.07589100106232,0.0993105787099726,0.658320795662906
"368551",-0.174309214064812,-1.38220368932715,-0.248495829722844,0.306095543792154,0.283587661042695,-0.451608228740166
"377451",-0.0442785771477655,1.58644453819143,-1.66745800065197,-0.522508819757502,-0.0497176637441208,0.0601126992619196
"378857",0.345816987005177,-0.428481421404927,-0.981447810393871,0.355990514425053,0.840629519545366,0.757740533618813
"379657",0.380761135345843,1.70819991536146,-0.524435596545291,1.36771546487478,-0.104625624628059,1.15988611117872
"380036",-0.270444372087037,-0.976181742865129,-0.497807262595648,1.68123605924546,-0.256327239656373,-1.84465460029826
"381038",1.26740864689605,1.6776488184347,-0.457489864764611,0.719304937777916,-0.981962320961909,0.156118975987708
"381543",-2.19038439558948,-0.397768502775282,0.882900076065925,-0.0672439727769561,-2.46834995833895,1.23687952804283
"385450",-0.811442840344508,0.410047181474085,0.356860269480943,-0.579307450542737,2.1710127371573,0.588303379855675
"387959",0.295273175305471,0.267310267093976,0.251130124687085,-1.61005169522307,-0.0971745348596481,-1.47889008012473
"389357",-0.100055587588501,-0.232359829826559,0.866964736003851,-0.32159178798806,0.223994780591639,0.679889363222375
"392447",0.318120018344553,-1.08317258147643,-0.319469265663177,0.908680470904553,-0.667410989247015,1.10148405198469
"395958",1.13644993318374,-1.90475101569711,0.940398858634787,-0.403270423541006,0.836079694561068,0.588214143496454
"397154",0.11251692326617,0.225443857740771,-1.34747928746301,0.015272535567349,0.195418036818637,0.410029693877506
"397760",1.55374832612716,0.747700099280466,0.643678750961204,0.56085915206118,0.169306484147543,0.415370225389274
"397861",-0.207478126746917,0.979423525352056,1.70718528240896,1.28880043343799,-1.05077379237526,-1.07459516817794
"406432",0.731102665704434,-1.60424744175477,1.38246740112266,-0.528190060439749,-0.0232398561027689,-0.0611587434968434
"406836",0.367676388685084,-1.86626256029977,1.44395461139104,-0.557342114121332,0.496206643936237,0.522709596007799
"412528",-0.20987794305629,-1.73936802389865,0.552553038119241,0.0125834920298538,-0.0070356174418249,0.57059923068687
"414229",-0.139144148266239,-0.343213522734179,0.818015015081285,-0.622499708604982,-1.50967385850209,-0.577812377562112
"422632",0.989562378681785,0.306571379120941,-0.435597412905367,-1.15092790688243,-0.91066124224348,1.17230180184842
"424939",-1.62926312532732,-0.0506884398238832,-0.291302280752149,0.491363533843589,1.44891556124844,0.0711612735430242
"432332",-0.148883496029314,-0.759677406593071,1.7686232777223,0.198150012744216,-0.262956263056214,-1.40364893155315
"436239",1.07341237827903,0.631222070032169,-1.10153099499306,-0.409883046324834,-0.76634571825369,0.199493071394206
"436845",0.550176089688156,1.21761628571319,0.860036709115254,-0.322710927893297,-0.696301898302056,0.0852924564346867
"441939",-0.885222255828967,-0.476824252201015,-2.46826115924908,0.335903226346218,0.558166008287252,0.134838436896599
"445543",0.584531646633504,1.47877791208621,-0.599324945675846,1.77744228983425,-1.28548442815727,0.208176501380199
"456346",1.43495733846406,0.80221217828916,0.151424191233332,0.339349019979699,-0.208369701720793,1.46816354015262
"459453",0.877610865147701,0.686090452914547,-0.330059273402788,0.906588140883374,1.43383071556651,-1.10288088084446
"467351",0.700443537115644,-1.90223091330072,0.921419087599651,-0.666516739087217,0.219295983350071,-0.369226586517487
"475855",-0.953833132217379,-0.658173508219603,0.968594008997202,0.62780372618761,-2.00628109610628,0.343677906677918
"479762",1.9085248956302,0.668680683088842,-0.307454156823144,0.524135766763931,0.694305568197043,0.669404871039763
"481951",1.40886005468023,1.44883053452375,-1.36239036428371,0.0877428583672279,1.33237493203221,0.204000047226194
"485757",-0.159352114161759,-2.0311120741185,-0.560701440603796,0.568324839084792,-0.214979771486461,-0.567138741921051
"486759",1.39126838613014,-1.9253640882985,0.805839711865495,0.0891991979079138,1.03243798034323,0.762711226732924
"495255",1.13586983024003,0.783324283323954,-2.16215699897839,-0.375939339215812,-1.54647549159795,0.34567118393092
"497865",1.55503446767155,-0.766923127334467,-1.38213037720059,-1.13221647331519,-1.14768459040515,0.632348874286285
"500222",0.644260206724346,0.904036437352774,0.570481808877844,0.680671120893998,2.35390927286775,-0.986185932069853
"510225",0.802768916696505,-0.0338677646834751,-0.600453477244662,-0.223789795705037,1.25145880214876,-0.439101646406179
"512835",-0.457797352267894,1.27259771267974,-0.137267675325376,1.80486021320827,-0.98473754444589,-0.0419146655110278
"513736",1.001703239333,1.16438404508207,0.98681514116709,0.55214198727326,-0.547030820124766,0.69669822835371
"519950",0.113709463667476,0.914223668056558,-0.0499255490781764,1.40484747409985,0.490080595932983,0.286081854597186
"520228",-1.10313134665605,0.743744168643561,-1.53921459214291,-3.36319791692266,0.715855552525507,2.62833113001077
"523032",1.90728899553942,1.34884251924638,-0.719375717839927,0.438936830448149,0.782247316425655,0.320706506512482
"524135",0.106541949989448,1.55835229082965,-0.377527037694279,-3.42518186433009,2.57068478041233,-1.36811815596325
"525541",0.684482978982346,0.653267182839492,0.157971098831786,-0.948232008299229,0.287082613019538,0.437626056823897
"529549",-0.983040066253377,0.854137329411989,1.4927690120036,-0.678274128637068,-1.87292825430941,0.560223087119197
"529953",0.690185232139265,-1.15201367118789,1.99337525225377,-0.120146493661035,-0.646852309253356,-0.0540670229495923
"530635",0.694316525212274,-0.341412874364922,-1.01229253995385,0.105789930949853,-0.263420271840567,0.83664614860798
"531536",-0.235586374803682,0.119063160147786,-0.431709892436009,0.280810071949063,0.274127206521229,-0.654658693792648
"536647",0.427860566847141,-1.79021037646041,-1.34456029778815,1.12964554234459,-0.0760287416665455,0.313693259435634
"540436",0.47355603813468,1.10062081289959,0.563556969564284,-1.97828131624249,-0.949371479816615,-0.448548070793492
"541640",-0.191984980189092,-0.233865967112438,-0.110936953058806,-1.06271675374685,1.6897713890492,-0.73879450087693
"541943",0.762026569761992,0.935920730766028,1.47428413961185,0.161484432950172,-0.21673739004717,0.733438352301677
"545345",-2.21813653168479,-0.114413386004561,-0.800369012376929,-1.93557114976864,-0.726030788822068,1.33227021080744
"548250",-0.450792577929736,0.804147032415418,-0.0709504150803473,1.47850010486833,1.53741934764027,1.43206820804793
"555348",-0.324530024027589,-0.5369748768778,-1.04394406457538,-1.49106418436664,1.94568468854074,0.677317045940698
"557857",-1.19699919518327,1.3113844874109,0.382396369881842,0.778282702436388,2.28105514463648,1.59103586285156
"561242",0.716949837607211,0.870610854551885,0.760208139046218,0.6618857726832,-0.693825094319069,-0.321299273820514
"562345",0.572727907259044,0.125861845762673,0.062061880105636,0.112211678556192,-1.27377273557686,-0.640944977517648
"565452",-0.344174216892503,-0.533273682544347,0.31857790078644,-0.0693402338749678,-1.87315918432346,0.823205130965909
"566454",-2.5446499961646,-0.900292942704798,-0.0127139515049625,-1.03385591520174,1.39906974441954,0.107410652928069
"567052",1.80884052570281,0.930124770038065,0.369981970567499,1.64915942001139,1.01908454135052,-0.118352363645848
"567961",0.809164803990845,1.72459276679585,-0.0164761670149153,-0.144540756164363,-1.90066403779589,0.0307561451509698
"570243",-3.13792510435872,1.39546676443805,0.669641884426181,-0.76382340133228,-1.79345425001539,0.759427113287936
"573249",-0.18367974497159,0.833484708520478,0.022012591729009,-1.92502753387957,-1.18647916648012,-0.39007437059181
"573451",0.459835823243902,-0.402722926689116,2.34059243108413,-0.1728822520549,0.0355899251100457,-0.554211506777063
"579867",0.753823825993209,-0.560322167553117,-0.28706266640819,1.32252291706041,1.56663346976667,-1.62119490981381
"580044",-0.361040622085761,0.75144734654586,0.527048077709064,-0.301167879556901,-0.170773937271939,0.439047690987197
"580650",-0.406090251408151,1.42008390080619,0.563266794016928,0.367580646806092,0.142259218783675,-0.353125832113943
"580751",0.83493874800012,0.11417582629069,0.619709222617543,-1.55498728683988,1.47635407761214,0.148011637088933
"581349",-3.27311182483123,1.83904121030279,0.301572857378523,-1.09762637230264,-0.406752074970188,-0.674132792902165
"581450",-0.896995908311768,-1.03646408381525,1.35783554462439,-0.865377533067316,-0.397916211076858,2.31464890118049
"583858",-0.464604652783626,-1.1542120967389,-0.362688048791094,1.57468106986883,-2.38185415523827,-2.22053679109989
"585862",0.360479623754121,-1.27966720307833,1.05829416440986,-0.810261989966145,-0.531577037478662,0.441175358423997
"586460",0.165957615387468,-1.5447722090581,-0.773044148859317,0.313723426425076,0.419244556676159,-0.229595215932894
"587664",0.00277720666259125,-0.0898419961496881,0.321921275618611,0.575786539092303,0.0571082628687763,0.642504547382331
"588565",0.0239833676003443,1.34250654553305,1.46906968540448,0.483776686921366,-0.514659077414085,-0.884747159477024
"592455",0.28915708428173,0.281472478572979,1.9634167304659,-0.474199829512978,-0.13011495009669,-1.14377024062478
"594156",-0.29760375949616,-0.107405394408999,0.785104640755773,-0.894803435370265,1.79687477935354,-0.296556802087965
"599065",0.565892960479809,-1.27513871820094,-0.433560351128432,0.549150578507951,0.844571750741167,0.959078259186237
"599671",-0.573589840206935,-0.191142952257325,0.940115285694633,0.175233893231606,2.55729292372432,0.309378887740556
"601127",0.87884355759258,2.05958016175909,1.25884770357537,-2.35261682939655,0.805304795598693,1.25544129349215
"611938",-0.617376535721538,-1.31982173265576,-0.4991363405344,0.704681905043267,1.25823165517748,1.4978221093482
"613538",-0.182756257555788,-2.08766927519996,0.424207477751437,1.74762955041453,0.214237358135398,-0.192567268293529
"615744",-0.110672120605752,-0.853073450229012,-1.76498242511845,0.691359336443489,-2.29275786220896,-0.702518467476827
"620434",-0.120188002743627,0.714114518282141,0.103310950097359,0.772065210987595,-0.206859445031695,-0.340625953341302
"623844",-2.34006054389142,0.205281095388213,0.145297586269318,0.377526644531594,-0.19480280164999,-0.900326143196087
"626648",0.295693281016321,0.224525921273057,1.17867940421828,-1.51455215586499,-0.688754134207453,0.770424338930178
"627852",-0.574846949771785,-0.0037705718049764,0.0297983989262526,1.96862628477237,-0.115831435854949,0.138677245028762
"633847",1.35197846319242,-0.865308382899758,-0.659177931968881,-0.551019829079639,-0.525465491185263,1.62437321052733
"645551",0.527877845702845,-1.13974867136049,2.27506938581446,0.718642241746222,-0.442030338127875,0.515235064464163
"654350",-0.185568881505082,-1.25318914689435,-0.297155109261107,0.447456839788711,-1.14136192993836,0.0136200565564802
"656253",0.301074097764199,-0.176552802292586,0.533054831284371,-0.852915939934928,-0.950293014562057,-1.75275956001765
"660951",-0.472539244941598,-1.02200565170504,-0.905923043210682,-1.39792807343069,0.563583389280708,0.123342057771021
"667056",1.03756567692312,-0.00146604522729507,0.0915452482110028,0.616145592078395,0.0988334582343334,1.27125973161687
"668361",-0.0165918496988122,0.636933220665141,1.04134397298064,0.0769912915368416,0.186610561414471,0.275980736400605
"671855",-0.990433296273096,-0.20206210525986,-0.18047659563513,-0.534764997295966,-0.475059287345754,0.689619557184141
"673455",0.659126786400533,-0.648220148561973,-0.959051892526824,-0.60985382201851,0.598486571334168,-0.64502420308892
"677766",-0.145298105742929,1.5552598804235,-1.54784238673453,1.46049031351811,-0.112750602497785,1.04122794817012
"679770",1.36444616903527,-0.137622376398199,0.531897841419305,-0.57865811130913,-0.685579667540283,0.974251393053672
"680250",0.199843958086049,0.641316686539169,1.91170465368218,-0.0429995345715864,-0.0602730356502204,-0.310824353866658
"683256",0.796931833090415,-1.35093434739508,-0.953786610287261,-0.209252413843802,-0.922393871556019,-0.356738745361455
"687163",-0.497705117241761,-0.121291989963544,-1.08255654886532,0.665822318640483,-0.875580037116869,-0.0946322085087662
"690152",1.14017170910764,0.112028228956902,0.298190319116292,-0.224974410895115,1.32925475867488,-0.368587938692489
"695768",-0.688749978140635,0.953934202418789,-0.00427818827038678,-0.159551358456607,0.389766753804757,1.15199957161602
"700634",-1.09690428114841,-0.181191062829527,-0.709942526612778,0.887152852582625,-1.00207646746031,-1.08406896541917
"704238",0.463492002062731,0.676846770633088,0.676998434881418,0.470074413957233,0.742458882966082,0.587663186847238
"705341",-0.359607791744498,-0.768258935160256,-1.30440347112439,0.306970578287942,-0.243031889129323,1.07114737987495
"707749",-0.66126025915482,1.66452312165869,1.13562199673244,1.19487506164594,-1.32959940214245,-1.47654263971666
"713239",0.830758993461322,-0.246755163435307,-0.584451441413117,0.461002032190951,1.05772048033196,-0.888533382304402
"715041",-0.935804837628158,-1.6048295418416,-0.701062524069278,2.40948757616947,0.839903743446685,0.971245917571304
"720337",1.40780489337951,0.106882205774961,0.000120508265680594,0.806150463764738,0.512167552477959,-0.651630564056364
"725751",0.888709774887622,-0.871554044434584,2.59960499311137,-0.374340105003947,-0.379338460894796,1.1292603408736
"727553",-0.773654513147353,-0.248983245335463,-2.16148289857872,-1.07884743217094,1.11167231703566,-0.462245402316508
"729254",1.07138271449837,2.83424845052088,-0.693900723209474,-0.145457470120758,0.773173292896171,-1.70922214653741
"735148",-0.554170728228008,0.199054398779134,-0.811323768735307,0.763894766353674,-0.176716755188832,-0.0568094486957249
"737960",-0.758182310798744,1.903578106591,-0.0643769485968528,0.825476577264301,0.720832814341823,0.152738872767083
"742549",0.322669458312385,0.565659876121766,-2.24873303639858,1.07344483055758,1.1557389488374,1.36275226044173
"748662",1.36770337150863,0.78131506576801,0.523617204786588,0.747879650400263,-1.12606820064927,1.30734138171655
"749361",0.474563927812479,1.56579029555487,0.963612360248887,0.0364505777036512,-0.826995899176701,-0.389620993163759
"751348",-0.764995289100926,-0.710246584984986,-0.669965116110311,0.415813544220067,-0.405066138231404,1.02284780685142
"753251",1.00764987664954,-1.58794550083586,0.814028237037333,1.51488812821793,0.512253089008991,-1.52970926986516
"756055",-0.433820616909396,-0.114239596524733,-0.90484688938972,0.336958291835425,-0.687876590424912,-1.50374612181314
"759869",-0.135045963220596,-1.09315843126252,-0.479464795797898,-0.533508322537,-0.676673132038742,-0.758774801445421
"761957",-0.932882928307444,0.450155933552742,-0.671629400345938,0.366305061825394,-0.682016726087243,-0.882169107349458
"765056",-1.22771905597554,0.636375647671292,-1.03677790098689,-0.114687462754812,-0.626294582215366,0.13049809357544
"769064",-0.915378802207852,-0.52377399447321,0.233966917137259,0.374910270726615,0.143184273742062,1.32925931141986
"773257",1.13327252830964,-0.236602107028609,-1.32465682927425,1.3227850347059,0.135503887460883,0.372089460480518
"782561",-0.740165835118836,-0.448493353643572,1.62177302281238,-0.270201580542456,-0.860944452804396,0.419432230862034
"784565",-0.607471013950054,0.139199834772371,-1.32765491004397,-0.157334228927748,0.666241636987632,0.249301705888435
"789373",-0.759393774860195,-0.282499552249502,1.3529756762791,-0.283207055737304,-0.76498257892883,-0.399397206779625
"793465",1.20625600887772,-0.546444148764181,-1.39431914011953,-0.157368976393458,-0.327602523178464,-1.30393808392381
"800941",-1.5335424784904,0.0335817907780297,0.0812727375409897,-0.461584532135462,-0.151188849170181,0.0698882990099372
"802844",-2.03105995862788,-1.21556114146998,1.91334813975569,1.51377303545342,0.202330395869786,1.23257901604434
"803240",0.256168277305203,-0.275989645207658,-1.30895087934149,-1.78366337741445,-1.31132255749945,-2.45875881406752
"814649",-0.548324582120496,-1.07798394686613,-1.13503907147821,0.505869505675494,0.840640030249377,0.25669020091926
"816653",0.930920601793396,0.223428454009677,0.0816606338727691,0.851807081314847,-0.353143389607276,-0.353480872944671
"820745",1.13508569732295,0.998176349952144,0.967730617222813,0.527589058338642,-0.723937665459907,-0.431583793672819
"825048",0.367027831030786,-0.245866722963669,-0.127746887426536,1.00216080617096,1.20164475518383,0.503073671980233
"826454",0.118690349092132,-0.501741288042955,-0.745472568904159,-2.2060602312759,-0.0271379180241282,-0.590842977465748
"833148",0.716716083678654,0.724479466377673,1.22060541158727,-0.388115296930743,0.153445791346221,-0.67550209882972
"833249",0.549395827115863,0.521206704686191,0.467153627328417,0.92334967521116,-0.795199286873387,-1.18790924522874
"837560",0.788150165398372,1.50652336295995,0.772929245828118,1.80520626829883,0.804274911142183,0.313334899417772
"837964",1.00948407901296,0.448913965520307,-2.94081917255862,1.1123530356081,1.33384860376473,0.295301472495198
"841349",-1.03983421899268,0.302205566452777,4.0257230163751e-05,1.40859597937931,-0.166108054829716,0.438551782604153
"845458",-1.11635726302537,0.232191017232342,-0.35077377904785,0.70063327047767,-1.35797950883864,0.610518434869425
"849264",-3.22698835400641,-0.47594714924934,0.855043329766512,0.0199154879002081,-0.18051912849614,0.364314323561245
"849971",0.425812421779236,-0.752565539579363,0.66479947593114,-1.6463405524217,1.92608393508167,-0.817886200624601
"852455",-0.980854468602338,1.74401970584209,0.0188481338124882,-0.674144212375991,2.52879331662246,-1.01167102167031
"856968",0.977086605154784,0.54187963850651,-0.0913326136712262,1.74925465037748,-1.22817159447524,-0.320045781771938
"857263",0.750491141253052,-0.0734099061025083,3.01423241005871,-0.55033920336366,0.191386852904725,1.05069151553082
"859671",-0.166197881285228,-0.203736314148683,-0.452249738876519,0.407881209894283,0.337716105924249,0.712682410061634
"867468",1.75237263846826,0.757281500364813,-0.438509693996283,1.57027028149522,-0.991371515823182,-0.619463136344872
"870861",-0.333106455827415,-0.0481085508433424,-0.609790684004189,-0.60043729867606,-0.158025176389857,0.0424679170514838
"871762",0.364991061178265,-1.18250948607388,0.281769390314796,0.744839200331771,0.984186566441208,1.80279928291724
"871964",1.37678958174826,0.771515663903236,0.568756815620965,0.131344617098951,0.678086343746203,0.175694787141712
"872158",0.453570050647713,0.550669348146347,-0.00423249139942328,0.339542753071186,-0.468950268013276,-1.35695680253921
"872562",0.873406648996809,0.357553113274039,0.449272876192287,0.223733501073264,-0.437361174266922,0.29842039733976
"873968",0.318856531421171,-0.288497661697895,-0.192857497352267,-1.32655341080304,0.716159949853233,-0.45407663728475
"877269",-0.20056795371475,1.01046071901816,0.95038438403249,-1.73863242501738,0.782894800354601,-0.85767662804975
"878776",-0.0038810017761382,-0.178795232785257,0.731671548607008,1.79592360644311,-0.205977367327531,-0.605245769577581
"878877",0.459983211133602,0.350755223631585,2.18540380170501,-0.679251362711186,-0.184513407522872,-0.318980753208722
"882161",-1.18636048291667,-0.504764645569028,0.949958469411706,-0.189509911775246,0.485564018930607,0.695018287192763
"891667",1.14814822804399,0.492283528327708,1.63454584601413,-0.429803583969705,-1.43951700240226,1.07953417648353
"894067",1.43112473005037,-0.323848681177495,-1.72048958015681,-0.28249370607443,-0.287954844040786,-0.849568972715714
"894673",0.0931173324548506,-0.993860404779435,-1.10592284601492,-0.27286497484248,0.450453524851242,1.6156487481114
"894774",0.75706334395877,-1.89371113403463,0.991207223853734,-0.788848615671788,0.375248304628493,-0.0669067240967682
"896879",-2.32350146483452,-0.858883689439351,-0.173645391335018,-0.531231123546352,-0.798938519030068,-0.192831122158178
"898176",0.25418578094545,0.474667243027896,-0.0592632410275998,-0.257932436638294,-0.106573434639695,0.161617944636939
"899885",-2.15746006282173,0.403134160760985,-0.228900774262375,0.492404780002949,-0.853298756910691,0.0156218610161156
"901038",-1.32715380989287,-0.0713527189404928,-1.68943874986569,0.644711041990563,-1.90324105073095,-0.872220550192342
"901442",0.25919402418398,-0.599227902440514,-0.237686297104544,-1.31082093173452,-2.2127335534038,-0.347414063825545
"907656",-2.43429011813963,0.351590838135412,1.70572397042754,0.0428285913333731,-0.605683677948445,0.307244229504897
"910241",0.000349340465593359,0.677938932342509,0.838807153781748,-0.997037327299429,0.315330730451434,-0.159340819048777
"912447",-1.14928143119989,1.38043514279246,0.349614974938319,-0.635301251570638,0.791304025670653,2.64904275470811
"917255",0.248879149081169,-0.0774582423973401,0.116664122388742,-1.3465760824813,-0.218962147015515,-1.88196201447289
"922854",-0.533425198995807,-1.4100647921504,-0.256010208957419,-1.27466477996735,0.372436207145512,-0.478484633881044
"923755",-1.60358391153471,-0.887070176385201,-0.263267022800856,1.20443431070565,0.439951330190985,-1.69161383501347
"926862",-0.829610668696874,-0.425228157312246,-1.0496998070611,-0.436549767672519,-0.707341081112229,-0.250197601211162
"930449",1.03411899780944,-0.241019662083622,0.104883104933897,0.487650965167378,-0.690156555991788,0.362037653987872
"932554",-0.948577788961219,0.235271098763178,1.64522584309719,-0.463193537751073,-0.50329206366416,0.00559137247347804
"942658",0.778281010452054,-0.4581142948602,-1.17552364594128,-0.510430962939992,0.438432911411004,1.06189971424122
"947668",1.1984663701713,2.37281577151348,0.769728379108689,0.855693632346571,-0.11519669076244,0.619045769188518
"951457",0.56076132801889,-0.109215362780632,0.0475311186421996,0.75991444412613,1.81801517356201,-1.50728857696678
"952863",0.578858726272722,0.533822729513038,-0.269553433532744,-0.740637899236705,-0.311144136350923,-0.295534517978984
"955465",-1.03191819388132,-0.0294296373527477,1.03592942951954,-0.00704938835839997,-0.18305061831016,0.0338638336453944
"959574",0.763153129684234,0.60623665010865,-0.519180961843411,-0.379161975344533,-0.169226786315332,-0.30348459551984
"965771",-1.19425824798615,0.11101805947672,1.09944499101581,-0.785214261515596,-1.68270005742807,1.25119151010608
"971160",1.68257261106574,1.8272870537492,-0.145803340624377,-0.122671631188054,-0.388389011056394,0.662608887158531
"978578",-0.293469905379984,1.26139447673659,0.7022006822409,0.157360283321459,-0.448625055912155,0.691707795107957
"979984",0.0480015822767882,0.621876560240565,-1.7085806466552,0.805542808975364,-0.264327618801723,2.15604319049204
"983773",0.334981412453063,0.998300844259906,0.258074464962398,1.44098931303962,-1.5830080803182,-0.100185642130917
"990366",0.607711566595328,0.14122327690276,0.80574591189724,0.721669322010258,0.637778078516057,0.0908445279582777
"991267",-1.11954928768162,0.0118882751387372,-0.0323135589015014,-0.141976357930305,1.43715597422151,-0.289436285730939
"993675",0.64895051894122,0.420107186725726,0.0479044760676801,-0.0852548799852922,0.441767794485044,-0.471946913677403
"996782",-0.90148972689017,-0.148394253432147,-0.267384866795327,-0.532220784401201,-0.707155038145824,-0.784936206610826
