"Subject","GRCCA1","GRCCA2","GRCCA3","GRCCA4","GRCCA5","GRCCA6"
"100307",-0.69957364425085,-0.769749871999917,-0.474315725465324,1.65726293125445,0.768705197436146,-0.02307651992656
"100408",0.144376053620441,1.34726559521303,0.951549097979773,-0.491448660265798,0.332512288456836,-0.0463904246802568
"100610",-0.735581882797406,-0.683377735463012,0.243051333875564,0.218961262385203,-0.823941433719253,0.529844223649602
"101309",-0.95058807944855,1.29220385330247,-0.537750171169641,-1.17736131585906,0.474384198394328,-0.609582336034235
"101915",0.666273691013892,1.51474939174076,0.0425616457133118,-1.20630610725703,0.281874741294306,0.153761295668546
"102008",0.647796064640525,0.952536282789132,1.13806915049019,-0.921326113784547,-0.907226966728409,1.10565046826905
"102311",-0.556597157616047,0.900129389158532,-1.24623006196887,1.66630336628888,-0.00434273645622376,-0.179290225734971
"102513",0.449089210069003,1.80393318364022,0.795944431429285,-0.332491389515951,-0.889496409280515,-0.713844864639314
"103414",-0.677643811379908,-0.437500885232173,-0.145501073736397,-0.254226111143878,-0.306682670381637,0.229375050100148
"103515",3.70089331477726,-1.66609411351375,0.194465675090485,-0.111873728945976,0.0435290976315015,-1.01659012382708
"104012",-0.624902873538672,0.362504907940339,-0.212581509093846,-0.267831944941558,0.694877902361432,-0.351670646458684
"104416",-1.07387219015761,0.505121873458853,0.625130169387135,-0.804805327720754,-0.388525212873322,-1.08782262171759
"105115",0.74337282006665,0.705668670614322,0.144448803104661,1.0573675860357,-0.124147020150295,-0.0663327463072818
"105216",-0.283111607918212,0.538795923804337,1.16652413029667,0.698076306995511,-0.138334252775357,-0.00635324130890125
"105923",0.192937290775579,0.0956778422397542,-0.345952338051986,-1.20385483962663,0.897986482284806,0.613514486621266
"106319",-0.85302241678106,0.87823792288841,1.50601241739448,1.94549000664505,-0.408433162807566,-0.408457244168745
"107018",-0.303919271831567,0.0383393107019868,0.21751665815923,-0.590554998303249,-1.26345980926968,-0.447101432694914
"107321",1.07911030678276,0.68285230844732,0.139629101054699,-0.920242786961152,-0.0974581893563884,0.367289574750057
"107422",-1.77177552538964,-0.816089537073374,0.318669641341523,-0.797218394711491,0.273838974648084,-0.145295823752993
"107725",-0.682761702444793,-0.0683696760010282,1.17698309286189,0.679073351818364,-0.0132670913881993,-0.0991506819021139
"108121",-0.0416874164690114,-0.303890118637198,0.0425345571775482,0.946686583048619,-0.742003782991026,0.305411550548114
"108222",-0.581997156532231,0.342088035890446,0.46277576215206,-0.680239435332247,1.05341779586862,-0.386454495740591
"108525",0.696964299644112,2.28604531189308,0.037047506249659,-0.315599641392291,-0.477192494327733,-0.471325243476653
"108828",0.916186556681061,-1.11477373254453,1.57200267871799,1.70107444178571,1.77751518845806,0.606260812627566
"109123",1.44662811838117,-0.456632631987418,-0.481674897404939,0.0918484827409504,0.97383047314455,0.0370301221360486
"109325",0.164550280135322,0.213088279276439,-0.728124941165971,-0.624283735445582,-1.39997015087051,2.18929262528862
"111009",-0.649783685343632,-1.00182690678058,0.866576529539922,0.041374320429693,-0.147960041299974,-1.41345761141111
"111413",0.229474329879164,-0.693394731460386,0.484989071637959,2.23911748014034,-0.426507202686983,-0.0347360236267251
"111514",0.923529813155111,-1.26089157100902,-0.90899729838849,-1.20785897438518,-0.100613563840833,0.758735612915363
"112920",-0.0665875682570884,-0.0975568473967602,-1.20000605243662,1.48035841212125,-0.144516981264239,-1.46835666190742
"113619",-0.989488435031928,0.86848928492816,1.11700539223265,-0.544386050031647,-0.541022189840179,-1.35010624974069
"113922",-0.29618419298213,-1.15934166856451,-0.544472629164995,0.156057642223276,0.430329431131391,-1.41150736746196
"114217",-0.477259482519631,0.598758162984479,-1.64366549750018,-0.66343082513559,-1.20964175364958,-0.849087423735509
"114318",-0.6499999035017,-0.185894220577558,1.57236408329022,-0.344144916215778,-0.494419857957843,0.503643445242158
"114419",0.0816237811823578,-2.55890611299361,0.623372339717965,-1.87079271456318,-0.607583711289666,-0.0121288784935488
"114621",1.2374222440446,0.819071457047525,-1.03675761039043,-0.938648310008029,1.18958166433482,-1.41601462364595
"114823",0.431321789419269,0.648636044195802,0.202478059235651,-0.286079442081414,-0.478260272420093,0.354067026262341
"115017",-0.525918370120424,-0.167361721019001,0.245139248426535,-0.619334253074884,-0.716213134805254,1.73398949013125
"115219",-0.800181079032061,-0.304451135357538,0.0113793930897723,1.04766775457533,1.71731660108461,0.774551358670138
"115825",0.238026773648941,0.663580205588729,-0.686164427041063,1.18994871548987,-0.0705771406858352,0.0229351140380392
"116524",2.85901949435646,-1.3433216858558,1.8103901871761,-0.734816447140785,-1.17665638021076,-2.00937945074101
"117324",-1.76473129203655,1.13024607370977,-0.00634057342687155,-1.25150020688469,0.524042094281402,2.73118860317293
"117930",0.582622876662956,-0.558047575642832,-0.985362005171303,-0.564978515467599,-0.446871082019671,-0.0485367143199629
"118023",-0.151778437922334,-0.393057621064302,-0.0130625196490173,-1.24289573326348,-0.297492479840148,-0.813093851482551
"118225",-0.995888029155732,-0.889605669566651,-0.912892494037056,-1.22295162928325,0.832633775778807,-0.204980387108573
"120111",-0.839461861620133,0.59752264677476,-1.81907635152717,1.04039143305791,0.299413525117712,0.711898563624184
"120717",0.708859356313147,1.35668962797784,0.373787015835488,0.253439949566163,-0.077479359307605,0.642135917378421
"121416",0.168151451623198,2.83455069795193,-0.0717635845307512,-1.17956884571997,1.53055107997351,-0.359669518536464
"121618",0.682598723745644,-0.499657081935652,0.998434270218242,0.0853587158756367,0.256673079698301,0.339018600153195
"121921",0.214193946868704,-1.56659532737828,0.830085356373585,-0.559424552891831,-0.9919621183697,0.529847571954736
"122317",-0.029089115903509,-0.666377367247499,0.244682006249934,-0.433879693055061,0.415578317756799,-0.187835279155138
"123117",0.90205054849323,-0.40887490736215,-0.223732158223458,0.463116331337335,-0.889032784340537,1.22921485042993
"123420",0.393710824015352,2.16171904723952,1.49645680514414,1.97339196696498,0.708497721951451,3.62705267865593
"123521",-1.53029048892219,-0.249000604911283,2.63551101373965,-0.465676215476869,-0.210631549488464,-0.677409573035115
"123925",-1.03334913550075,-0.509133732778533,-0.812999621911569,0.633536191303489,0.737334852120267,0.520301758267307
"124220",0.230153213752989,1.06348532072197,-0.179546571712987,0.00788466407117586,-1.09753039811752,0.237558242199516
"124624",1.9568716538778,1.09592467935684,-1.34945499672688,-0.617212017480857,-1.68597838951482,-0.744177168410331
"126325",-0.0996434326857288,0.313710552846167,-1.89657729218117,0.151658080931884,-1.08836912184843,2.10242938863933
"126628",-0.470572683788993,-0.482287175495589,0.474413670151459,-0.101415696028283,-1.44039821094644,0.864176987225567
"127226",0.924350556708471,-1.19524416872696,0.134405202452129,-0.529616914840693,1.26312705872318,0.193423133978075
"127630",-0.224752534002568,-0.0300413780778857,0.844733105098131,-1.07359783516913,1.11645224929585,-0.121770833353191
"127731",-0.834380621821927,1.18631487468795,-0.55327627724844,-0.073153552570042,-0.621839498948781,-1.35229047266565
"127933",0.147948068553587,1.06055342833366,1.7223193981518,-1.40465304502805,-0.51679004849039,-1.56166844584941
"128127",0.174025204483473,-0.815701498013583,-0.173306517130618,0.458169219384445,-1.18652222414073,-0.384984194207079
"128935",-0.758988995630222,-0.638533754739845,-0.0646770768464971,0.650422443726691,-0.571723633519731,0.713239605959266
"129028",1.40341234946491,0.464546747380307,-0.395558285821128,-0.621501218198273,-0.771904057659798,0.459158070342063
"129129",0.272204176591238,-1.49748196200323,1.18777693328037,0.918730668254119,-0.840909370018106,0.622240186214908
"129331",0.473990025404573,0.784685745864087,0.459701801991603,-0.0924361897702194,0.0782228877521291,-0.129267212089089
"130013",-0.181773582942231,-0.844268482218721,-0.00456453628195996,-1.6375872854386,1.47176361051578,-0.276549159534803
"130114",-1.4672900697249,0.36866306786363,-0.0018304202455578,-1.16042270571623,-0.672561831205106,1.23285950554472
"130316",-0.142955413029205,-1.46205991939421,0.0736020984240868,-0.626197047128505,0.894239985352534,-0.518626855092977
"130417",-1.02016871764206,-0.567143737456487,-0.152646575510462,1.01961365569009,-0.0122538866006537,0.662461508685041
"130619",-0.257546017802959,-0.271735452170109,0.595847068120666,0.465085481073562,-0.611558106245365,1.12018001489856
"130821",-0.352055945234556,1.13868963088872,-0.326749533707307,0.303794253102806,0.952849193304454,-1.27594632279574
"130922",-0.411377579622214,-0.139825347311496,0.430408374452434,0.393821394165095,-0.500247611745905,0.387469769413197
"131217",-1.14894789906059,-0.0284998659306294,0.526054359302064,0.221925302286884,0.431692997213056,-0.831296779014613
"131419",-0.82138483217056,0.590009778259489,0.260674538243093,0.0788786013770518,-0.235637747684985,0.795964058558252
"131722",1.0640251303087,-0.0153561322295797,2.25919325315607,0.947694070809625,0.406268209666664,1.36451894968674
"131924",-0.265729534352642,1.98270587071146,-1.1374857514448,0.582388919506738,-0.173859672000308,2.63253271633176
"132017",1.80878520787711,0.551429521726627,-2.28344198519378,1.30202847075348,0.623415319290077,-1.44707044152599
"133019",-0.506853296062311,1.35226082467709,-0.458995441100641,0.214659842991243,-1.01914787074,-0.990056044152292
"133625",0.587177676085918,0.289884933388056,-0.440195093132265,-0.0234279516554612,0.593954695039713,1.28186654577595
"133928",0.417445624015661,0.74273160182397,-0.926326022954511,0.817727025064509,0.351544921834454,-0.481510109530477
"135225",0.34923812190171,-0.322953802080646,1.20918772351508,-0.458776583678206,-0.10654594897991,-0.255816943337949
"135528",-1.74498094398748,0.259881878184973,0.239270639291963,-0.251607429772768,1.03638990183621,-0.716381781902655
"135730",0.381205152874483,0.477402121650563,0.285955047505142,0.171989090721803,1.49222794500475,1.8316301752719
"136227",-0.193720149671995,-0.0742616727933158,0.696627511869215,0.0631298281259377,-0.261576691847459,0.345569011570753
"136732",1.26296684560877,0.545012713960025,-1.44118116596998,-0.523375219971035,-2.28752084199599,1.0542445033439
"136833",-0.982162329422509,0.492214464748926,0.717824073379173,-0.667999437051415,-1.29079689698027,0.436010012265301
"137027",-0.796667631873877,-0.822839267177027,-1.8545176620725,-0.123808809904031,-0.877797710275968,-0.478519807902622
"137128",-0.433584375906149,1.08617932317631,-0.106858464309875,-0.00737791579292892,-1.18517545729109,-1.36710776197624
"137229",-1.04074849491399,-0.952465042485131,-1.09063255074915,1.61083894605255,0.443645414782318,0.437263290658294
"137633",-0.200178680820963,0.324559429096625,0.429272963996311,-0.429865796210631,-1.38144187573733,0.482228516909343
"137936",0.314075561549629,1.04638481784545,-2.54813358308911,-0.71030570530976,1.05769091087334,0.352340532695303
"138534",-0.907740520616647,-0.135438883958965,-1.64922308133615,-0.340224847829082,-1.05483166254651,-0.577799875023201
"139839",0.640076134062965,0.882513851285154,0.16454008281057,0.344716364911988,-0.182126411865926,-0.118591587310286
"140824",1.98223735482228,1.8620039403043,1.36780790268281,-1.29668450041609,1.1355800137052,1.63971411465516
"140925",1.0541878566543,-0.326103921176594,2.12152671861672,0.641641433248912,1.29778816310373,-0.505370065435078
"141119",-0.261009081630993,-1.21930894630965,0.496639513567407,-2.61802373856005,1.57298743321802,-0.0182767901565169
"141422",0.673182983806677,-0.72210147963143,-1.051148271086,-0.16862199011615,1.01238380486896,-0.453716144623075
"142828",0.973596046350641,0.503126392805795,0.55961099046245,-0.600215354678818,-1.40886242994629,-0.680424920851879
"144428",1.32538602937748,1.361841305228,0.442195396216726,2.4864472271346,0.447608236072167,-1.47855649608487
"144731",-0.224380119188568,-0.823747374106356,0.903221095026884,-0.217860553831963,-0.829667023455007,0.970866605717697
"145834",-0.8960770772838,2.31710331829206,1.0758934415548,-1.68336946618424,2.3710377133263,-1.05498666988479
"146331",1.40378504807393,0.18026333004202,-3.31885911704355,-0.56459668161035,1.92407966286595,0.552596598222998
"146432",-0.383688276084758,-0.557559111613592,-0.621771992279948,-1.18190051035789,-2.26446164332704,-2.13403897670347
"146937",1.66412050669195,0.178774606448963,-0.309535878720532,0.532414962016411,-2.07527171388268,0.969750073305945
"147636",-0.0909185978595319,-0.905354521227265,1.24571013078036,-0.377476909136002,-1.26077895997273,-1.45859938834878
"148032",-1.14098830537088,1.05084275208761,-0.371325903859915,-0.621140532619529,-0.274197701065455,0.127953468128511
"148133",0.849811012942999,-0.989557390662321,0.193562632579266,1.34666679659417,0.0138440125688692,0.392595968059562
"148335",1.0200085255251,-0.762893626153909,0.828186495319248,-1.12014598435785,-0.571490092598461,0.0442177458154176
"148941",-0.514204436654323,-1.04652204699845,0.689937436459421,-1.1325405707689,-0.306844151293859,0.729324683193369
"149236",-0.488946937387584,-0.145066644921961,0.475380661176745,1.27166551694957,0.0578765688098613,0.468298711266472
"149337",-0.573245941642186,0.337984696020064,-0.730620327835565,0.639610089727568,0.0838475534522252,-1.24688058420305
"149539",-0.851155665275557,-1.44967832651699,0.710955796173634,0.0838629720484914,-0.382480393458835,1.71194407816796
"149741",-1.17804380891125,-0.308739449478232,-1.14355445244258,0.168649273146383,-0.280383711663872,0.273753873076146
"149842",-0.287741166094701,-0.0641038420634544,-0.649682876422034,0.801007180987511,0.871833397046203,-0.0651984266683578
"150726",-0.452081967467591,0.0624243038766473,0.458680364210477,1.60795736917459,-0.820016354921372,0.730965337768598
"151324",1.3672555416213,-1.29741106518984,0.0324229037185601,-0.467977838383254,1.60837292416341,1.81420211375577
"151425",-0.00824953275187675,-2.1547329816264,-0.64928632821834,0.940715076216177,-0.167224112514141,0.20108301189465
"151526",0.57552555594011,-1.39577536712371,1.84784457519001,2.61921016205149,0.79831888512249,0.696537658131261
"151829",-0.126334962248969,-0.186980493866335,0.549030161874505,0.837928636629633,-0.688866302876206,0.676668715459307
"152225",0.198907787256324,1.02191828849774,0.529506946951914,-0.74859359832354,-1.44035744526663,-0.031323261270661
"152831",-1.14296654270994,-0.849826629254108,0.600975924165158,2.28853027382951,0.761592576652748,-1.08300771084015
"153025",1.92596153168443,-0.208456340401865,-0.216607725930563,-0.571177889095201,0.499395778027889,1.42874960407505
"153631",-0.680534080278332,-0.294837711329908,1.54240176008087,1.46339786274869,0.467035703966665,0.325471070613415
"153833",0.87012931869445,0.130301694602749,-0.0627869667244281,-0.777478066263945,0.923802340200682,-2.15395379564308
"154229",-0.78554773744137,-0.527830328448302,-0.111595756135788,0.243723452384399,3.12770468503001,1.84596998278112
"154330",0.0758883326099409,-0.8464175016691,0.0756685516501914,-1.30655243549581,0.472919141296893,0.0628402443334323
"154431",-0.5156173652581,1.17630366129814,-2.02460796377151,-0.212392831030559,-1.02444353769272,0.46874791303048
"154532",1.14606911054703,0.309573551883499,0.900745312392733,-1.77664746605985,0.669580980977078,0.670033201060647
"154734",-1.64055972221705,0.995913987967374,-0.172457041255216,-0.461379637796655,-0.285160743233425,0.988913048052936
"154835",0.666208515246359,0.0664332564740676,-0.658492966805666,0.239738855159087,1.30874209682157,0.306446005274175
"154936",0.421354930085487,-1.76845682091246,1.9693101219294,-0.0768875957812538,1.98107515603257,-1.40586005816642
"155938",-1.61865798697423,1.5411483674723,0.151820793277997,0.164993072986527,-0.192264316066959,1.11341057322736
"156334",-0.266133284861238,0.474557853035429,0.20831200093616,-0.0848339695884831,-1.23802730830705,-0.716086260348369
"157437",1.2753083272665,-0.814786268733235,-0.951983955632775,0.341125295834028,-0.928439321367611,0.784886421211567
"157942",0.00618730001901729,0.248805420574126,0.242968607875038,1.91801147319743,-0.531295912294454,0.25836569414398
"158136",0.0390551213926644,0.844041818527118,0.858958200597084,1.18983656182794,2.03957888233725,-0.360888591605967
"158338",0.488019070289506,-0.693463277400121,0.410734790470784,-0.454472487620462,0.704343522808388,0.454967681499389
"159138",-1.57757545751108,0.236223673864752,-0.357322850971157,-1.17060709652995,-0.535901061569406,0.060503725801744
"159340",-0.499427866751819,1.05204512283739,-1.07473453464014,-1.47055716748615,0.053168911765318,-0.596542565027796
"159441",0.814968612416315,1.10690698161144,2.16167412568028,-0.578169953083866,-1.27703610931878,1.31845458338486
"160123",-0.672094826603731,0.389532853618981,0.835296362261506,0.213620281358527,-1.3522237027463,-0.266205692158736
"160729",0.97748053954397,-0.461987296617642,1.57828953377685,-0.679379449516395,-0.843414568058275,2.2502539174169
"162228",-1.67340766723659,0.712872516095686,-1.27740943875591,-0.638540516543648,-0.268825313507535,0.0429619000643108
"162935",-0.872973891588107,0.114687285079146,0.418240181999634,1.23272270947669,-0.52423477182088,-1.49935195456183
"163129",-1.8250269248504,0.544611808131567,1.22979495102793,0.255571879072933,0.415563135754744,0.112131252664343
"163331",1.95880742591488,0.650207637814372,-1.4755535004413,0.451080975872885,-1.39104811479806,-1.24851492534932
"163836",1.44018240502928,-0.371426026238522,-0.215215456767162,-0.623842730516699,1.01688721622356,-0.160000878643726
"164030",-1.32220839208973,0.0818108103351376,-0.0197723563415767,-0.99038096980084,-0.900399541191956,-1.4488836166495
"164131",0.987319686020888,-0.99720496020576,-0.57483990090948,0.916708722045539,-0.365010614438935,-0.225444668152569
"164636",0.428648302647998,1.30759296415884,-0.385277876724999,0.590227218423383,-0.979425718631785,0.206477668467951
"164939",-0.862896496274642,1.3509485985414,-0.367290642056981,4.5605897018866,1.63856317518524,-1.4132087789322
"165032",0.912190679943617,-1.16627628903431,0.779307781831818,-0.774431205552286,-0.35833762514903,-0.93898464133717
"165638",-1.02703486945684,-0.92649536642503,-0.89710183187184,-0.500847592777779,-0.599864137337589,0.863223298099066
"165840",1.00016691619582,0.0877015120383649,0.270903425790439,-0.202355479079063,0.479972614387178,0.19667418821808
"166640",1.69659189075301,-0.281727123793418,-0.732368649803924,-0.160774867753987,0.640249703329095,0.216069689055598
"168240",3.31434482784633,1.43113051836201,0.31105180535626,0.720746662119101,0.639783374197708,-1.06959007072553
"168341",-0.664738712111334,-1.33601229278776,-0.116915474758711,-1.31399419263794,-1.58071967692752,-1.21701275554838
"169040",1.56348983464643,0.592980374283892,0.200619872263522,0.269116115537972,0.703810105549924,1.53523403229446
"169444",-0.335663783789536,0.211967870370018,2.52228847923685,-1.83247327675556,0.623614231541541,-0.130745144458353
"171330",-0.980629261666765,-0.55213490499298,-0.0485320548212012,0.826493550700567,-0.196089972249177,0.362999036403706
"171633",0.78697750061169,-0.831774623070109,-1.97820990534759,4.70005006298673,-0.927562680949118,-0.211578596222645
"172029",0.40259452180302,-0.813048993763155,0.398881914039808,0.424448374792013,1.060963929257,1.60918960861599
"172130",-1.12973406989171,-0.602627823581744,1.05044756004894,-0.0973812926740756,-0.498163107177464,-0.692893675511454
"172938",0.564524897537948,-0.104119528614686,-0.364516206200854,-1.61518606084589,0.00633326524010377,1.44982388844006
"173334",-0.331031368524162,-0.459158039952962,-0.195339029908661,0.200441987788863,0.626985111939599,0.703332928123499
"173435",0.223463167911649,1.1738084178187,0.275451039353459,-0.45319094867156,-0.456057817488745,-0.208486639498063
"173536",-0.650737354899832,-0.669918106725466,1.4419110535958,0.0866913464284588,-0.229899345299369,-1.15660765910358
"173637",-1.75825949209426,0.619898022762959,-0.116689287022147,-1.52559619462118,0.418275220927269,0.768308115135785
"174841",-0.772907788521646,0.707594620333999,-1.56387202915336,-0.261594892508405,-1.44921071826732,0.303433435760839
"175237",-0.404383703733385,0.273339658030802,-0.608085259673549,0.466903346551167,-0.680434102291984,-0.887343028140495
"175338",0.593269576677944,0.649651181790871,-0.371581840660124,-1.59339170029782,0.933388841657745,-1.53612044692395
"175540",1.36865995987082,-0.384464727925312,-1.31490396360558,0.450813637239165,-2.18129308705892,-0.529704779943952
"175742",0.780866994110052,-1.28413315893913,-1.06803636064141,-0.72687644778212,-1.04209384508381,0.954061223486857
"177645",0.352879969294036,0.823072576996064,0.753970547152615,-0.0744515158465142,-0.189667777041269,-0.885846140838415
"178142",1.93184623549989,-0.625426815133099,-2.03080038625382,-0.666012757315266,-0.864584887558136,0.463732491655719
"178243",-0.108453378337992,-0.839029736317938,-1.0924550770051,0.428428175826071,0.43237621728796,1.02500572276606
"178748",0.0891493015407988,-1.15725255369247,-0.767379310903354,-0.303720715380783,0.578540139987335,-1.33468671197741
"178950",-0.618999131124041,-1.37765980736936,0.946996907389156,1.8115661777695,-0.245830904950389,-3.02936519918741
"179245",0.888231830276748,3.86252168679076,0.509469759351035,-0.624695103411893,2.09309065365794,-2.02144670118787
"179346",-0.875947056029998,1.40958740112539,-0.1770564683552,0.0647601558732526,-0.530711734155161,-0.743494154989286
"180129",4.18940834313522,-0.0636286093274956,4.00039704012493,0.820767730687214,1.20437094800637,0.878044196428216
"180432",-0.447881436466619,-0.422940621493538,1.10747758146994,-0.800683152026329,-0.984646726193812,-0.115624960797292
"180735",-0.884114302410791,1.07179685145423,-0.0500748278239257,-0.180445801654271,-0.59386311367434,-1.70670389536604
"180937",0.718199577958543,0.770260671150149,0.0609927407495642,0.944144553176555,0.834861516658433,0.127985676291117
"181636",-1.66382304202293,-0.750385576655645,0.921371763357798,-2.0525358205215,0.459922946222437,0.871974207932077
"182436",-0.273450905045827,-1.02840430865885,-0.25311276847531,-0.257930897998824,1.77363741633419,-0.162621975698401
"183034",0.502348294690487,-0.540008763671992,-2.14497117071263,-1.05164413377781,1.85782558897915,0.226134113400479
"185341",-1.21880204717361,0.944035401999886,1.0228264792793,2.15718001611803,1.14685200066379,-0.943053185273394
"185442",-1.24347178113553,2.32188857094032,0.0576050666225996,-0.416765472398492,1.17867199402359,0.60129257195831
"185846",0.747458631568297,0.415696273531549,0.739151492038132,0.388151557229983,0.628702426221674,0.868089669803486
"185947",1.85167922890762,1.4251080040044,0.799969729586241,1.70412612287744,0.671815354792821,2.53558292835302
"186141",-0.144726107236723,0.653382150979311,-1.21420328288576,1.47561471028427,1.16294217138464,-0.827745266882496
"186444",0.673595755197196,0.924802795289772,0.418865921227622,1.4402580300608,1.25088825312201,0.957744076813894
"187143",1.01139932895323,0.90053578399765,0.458672150936957,-0.580264317894498,0.153100419473985,0.207720172186973
"187345",0.0997770072111138,0.0217297157876842,-0.442646853357411,0.248074076925659,0.618531041718439,0.823879354635311
"187547",-0.284640972296516,-1.16512852503007,-1.62910683994575,-0.902152827657192,0.939381873342234,-0.1232365824471
"187850",-1.66398272976492,0.532073514768839,0.809370813892017,-0.731849454552763,-0.372010096136668,-0.845230674355126
"188347",0.967300830391985,0.790673141763016,-2.68440399686268,-0.43261611162547,0.399160150846273,0.962046947998365
"188549",-0.452252341038253,-0.546773429361519,0.171157400500621,0.527315347902587,1.03741667290591,1.2905401210197
"188751",-0.497997480026693,0.398764264243583,0.0519798629229787,-0.34035469800548,-1.91700426875376,-0.791934962870778
"189349",0.112999374338856,1.03869775655333,0.352952722028186,-0.789598194285265,-0.0622532520993824,1.63269835360378
"189450",-0.103012888124481,1.00802349623055,0.400161646025642,0.172877357214747,1.30398612154361,-1.86530715204279
"190031",0.357239634901238,-0.748627555960508,-0.263113223439303,1.42214200932092,-1.13305467328737,-2.08832387634399
"191033",0.955634729773733,-0.0812479897768302,1.07487643116159,-0.922168998197536,-0.752883210877706,-0.144896531849803
"191235",-0.161635972928963,-0.1686991777735,-0.374711963299506,-1.76393030595885,-0.213033635723303,-0.54174490744631
"191336",-0.891549289132989,0.833772930820234,2.15355098366807,-2.06154228835904,0.85236042414225,-2.56033537638244
"192035",-0.00621529513459651,0.742573982104774,-1.02820771573437,-0.287876967490898,-1.8114329627521,-0.817798402011107
"192540",-1.61348201945361,1.04257904213027,-0.28090984936116,-0.310510584389488,0.802698565242367,2.93979116129255
"192641",0.519149600451169,-0.315005034388495,-1.15290139040982,-1.27529843804749,1.31239401653144,-0.786472357040319
"192843",0.284503239471001,0.11822450595188,0.706368555259149,0.574676816052468,-1.15032955049755,-0.10490042695797
"194645",0.97858539044217,0.1023626395536,0.100445357649604,0.469849976507817,0.165036031127191,0.186434770631248
"194746",-1.05025291569594,-1.42819608711569,-0.144502610833209,-1.30179643766526,1.08170685817584,1.62575311059906
"195041",1.13723716211234,2.59599035997063,-1.29676958255596,0.261492921736768,-1.00507560263916,0.380854006403166
"195445",0.820088719131168,-0.840061481915166,0.788307081992474,0.0922295785034656,0.63450189124388,0.535144389363577
"195950",-1.02566584505188,-1.32694506470806,-0.24485606862493,-1.73765659157587,2.32225092553028,1.25900571843687
"196750",0.869094757496998,0.899814462125696,0.401150023240579,2.01831140893313,-0.607238620455143,0.735962875930991
"198350",-0.568442214265255,-1.22340861750179,-0.197026729949819,0.337746429792064,-0.881636706704695,-0.176025262103633
"198653",1.80604044796644,-0.342197615965528,-0.566992219896438,1.9585986733751,-1.47908972781739,-0.0566590956074076
"198855",0.329827360946891,0.558993055231238,-0.705097896331543,0.429513556362397,-2.93237838750164,-1.90771478289284
"199150",-0.785235771975867,-0.403427101009129,1.08393283825415,-2.18557815060387,-1.13438730569942,0.123764958481127
"199453",-1.67113894987612,1.31634618417189,-0.99398074939413,0.989987483232044,0.383353267342536,0.963478357191355
"200008",-0.406261597094346,0.785353923260697,0.832799633976364,0.939183435587407,-0.60873605627911,-0.333982825870016
"200109",-0.573811963952274,-0.046187036071292,0.292411717483196,-0.259179775039151,-0.593184551544821,0.475273990536881
"200311",0.00368820640283152,0.242176219602505,-0.212536947249036,0.0750091663663914,-0.404480995889454,-0.23219767432657
"201414",0.206155199702141,-0.046641553918631,-0.231965520336003,-0.819551593471693,0.104005654817604,1.19346629865059
"201818",0.224655901094774,-1.03225672430696,-0.714241936242612,0.0277279582852197,-0.0110834103035717,-0.61423800914959
"202113",0.540260571794876,-0.927427442608501,0.174848655962398,-0.652116400382303,-0.650540766779478,-0.356795182350117
"203923",1.23327559657469,2.95434160462197,0.908323109164923,0.934354383471494,-0.155408172929813,-0.849895702714489
"204016",0.541060944351943,-0.997030947554824,0.120736100848885,1.05116854982155,-1.26121709412682,1.73616193801873
"204319",1.63762145948236,-1.9082805650056,0.811275044856316,-0.74386969162314,-0.00621556368169712,0.190383607201042
"204420",0.904394621097665,-1.35177708232179,-2.85983979192809,0.177501790879895,0.113779485280861,0.823643706492694
"204521",0.677585503931683,0.757568343328407,0.190370702646771,-1.47003480254305,-1.34917643690188,-0.636935175025214
"205119",-0.822195679100048,0.249958732118311,-0.346599188393027,0.205170117489427,-1.0031117815055,0.466655546396693
"205826",1.32934900220597,0.299901234780066,-0.408401107547272,0.472233939852587,-1.46821856552216,-0.280728018127386
"206525",1.7756976562094,-0.133356870856853,0.228427987700912,-1.46747833108925,-1.19012091372329,0.658087058129563
"206727",0.644601319980214,-1.10047403800023,-0.713581509827367,-1.08454128374136,1.12636772084749,-0.406874051246915
"207123",1.04824364886436,1.6252931581125,-0.0677697033762959,-0.652985545047956,-1.41664920107071,-0.103517205581283
"207426",0.246675176180158,0.729912655209203,-2.63799728791788,-0.547980328854145,1.07164642047726,0.432814363142049
"208024",0.166222679437796,-0.477876704863854,0.272158952301738,0.0700695243519829,-1.41692346223869,0.651325299739618
"208125",0.106167982771219,0.289652104057047,-0.364702250843294,1.0391847231497,1.18793705215347,-0.477882148570862
"208327",0.0661594731268637,-0.682400520042677,0.730725756206555,-0.231764047219308,0.184416578772861,-0.249728229111972
"209127",0.708723718063107,0.405003604781704,0.424726748893227,0.336684436658119,0.270459128399055,0.781764027191728
"209228",1.78262270961308,1.26462027830687,-0.162217049811779,0.789199267602243,0.196352973714799,0.177337343357405
"209834",-0.0678155620402364,-0.211380220984751,0.756885039511521,0.214503293052041,2.93428851156749,-0.609563252386588
"209935",1.90371655323758,-1.1651715406654,-0.61266750696454,1.3265023200749,0.109523408477175,-0.947605762254908
"210011",-0.465561387708679,0.0198526159595103,-0.06857737553732,-0.163866074496721,-1.72124782929296,-0.367358015858967
"210415",-0.550282935765751,-1.59990717827353,-0.173925382952551,0.210383126151608,0.128172716486928,0.397675165469399
"211114",-0.863252156661436,1.07078312435994,-2.25450801715478,0.626150003219541,-0.0553318129910825,0.167015091049504
"211316",2.34088648691871,0.651293473731226,0.600004535427685,0.548500405444919,-0.157223396240196,0.495260217603773
"211417",-0.281354757719365,-0.212362856430742,0.555917862678256,0.405548655358591,-1.50252262770904,1.93085989642255
"211821",0.915659767189326,-0.830268381675239,-0.484160002163013,-0.334628950096898,0.925608934415049,0.694735907256802
"211922",-1.11125527790707,-0.786123576385109,1.06713887389706,1.45866715938285,1.13550949201273,-2.14412378211291
"212116",0.69103631471882,1.11622508923388,-1.99308482287621,-0.690793943514115,-0.300095039550232,0.874196918829604
"212217",0.845835221969248,-0.670262825329479,-0.0618898462390735,2.00177406075816,0.429186995124717,-1.94089819405839
"212419",-1.13941296608456,-0.468746970908598,0.497149710897253,-0.361306166190246,0.373453731780911,0.548851361330264
"212823",-0.870341423662293,-0.336659214123985,-0.452152572758879,-0.85419829438404,-1.24219695378273,0.587153364964097
"214221",1.54149039157184,2.02637748945816,-0.0210057848858759,0.16760925161508,1.44906417539417,-0.717874849476715
"214524",-0.66205028656189,-1.09647642853019,0.38986380221546,-0.307779829958861,0.795372205151123,-0.419401075571534
"214726",0.97482804488747,0.603604330736347,0.269825661979548,-0.111398615784195,0.89068364626911,-1.73811963633295
"217126",0.990965857323306,0.31312358371227,1.24840693011392,0.222277138480564,0.557854302269323,0.747381863249847
"217429",0.0603372414226125,0.0898437125597902,1.21190735146192,0.212221002855618,-1.41002696716712,0.410171724716912
"219231",1.0113767898193,2.09066508647913,0.153685957231873,-0.294609106789599,0.536757915658962,1.85493660224526
"220721",1.87090359009599,0.435099564032386,1.2627921554706,1.26708882405442,-0.140215509691092,0.317167470080891
"221319",0.961361589907445,0.74839372926187,1.22914043735083,0.0522508670782185,0.843093920160716,1.27628894232441
"223929",1.85458437854139,0.433162043600304,-0.595090063984992,0.18424224636691,-0.860225170956814,-0.47647375830291
"227432",-1.01578215652561,0.569750209497379,1.22997167817696,0.397040377614597,-0.857547218200742,-1.10976184975918
"228434",-0.638711545439584,-0.025397870338363,-0.432213226182999,-1.32628229174653,0.798121838603795,2.00792718159156
"233326",-0.327125019772875,1.4390199319542,0.504664940497301,-0.308723540981785,-0.632828929427024,-1.22339724810053
"239944",0.382810646643835,1.23730710328129,-0.0810744748736834,-0.886260288568629,-0.965947350834681,-0.740529364351976
"245333",-0.252145470864994,-0.38829885314309,0.540528644724402,0.0961369843692636,-0.901856798667491,-0.92961266527997
"248339",1.01011833548832,-1.47976235440288,0.316292019614516,1.18402915461317,0.199833455315643,-0.588079051737332
"251833",1.35457295615201,0.836126788700398,-0.502992714420431,0.613436231688722,-0.513442027078082,1.46947473306682
"255639",0.697047066836246,-1.69468850636248,-0.10217726490966,0.583716526310624,-1.60908549002545,0.0462710145912947
"255740",0.0435697198209505,-0.0832099743432722,0.589294442366483,1.15530335951722,1.12267837819963,0.193465375371618
"256540",-1.08756724503411,-0.395659535291798,-1.30442229803504,-0.60905715105279,0.192420867526087,0.67738499809269
"257845",-0.759143774542355,-0.109093005715357,0.150956308082234,-1.26375819267567,-1.71416604547933,0.443778059040356
"263436",-0.974424084167401,-0.893345417934576,1.1176783271065,0.0892545078795313,0.456071261496511,0.340950675737103
"268749",-1.48825641018068,-0.751996379937342,-0.988543203244079,-0.518743325364372,0.0507003035806009,0.915231340727986
"268850",0.498901125687804,-0.920440358298376,-1.27451451980411,-1.31292652800783,1.68048582384917,1.38650918935436
"275645",-0.373653425999183,1.00010789178261,0.732275081530262,2.00669641332896,-1.25754304895243,-2.05892692016484
"283543",-0.923405416189688,-1.43765889404611,0.233958937163651,-0.0162857958086368,-0.379336509503754,0.7669962678504
"285345",0.44603291257283,1.37023733780291,-1.36130302690814,-0.332188717492558,-0.489547492586972,0.741498823533444
"285446",-0.390443641703994,1.70573317963844,-0.161639552216319,-0.385985800468038,1.11631839362895,0.639811724529749
"286650",-0.577729244372007,-0.713570714624432,-1.04953796516497,1.3530661164545,-0.482386167151678,0.398838036320852
"287248",-0.601035298092483,0.973106012962446,0.0104748778421266,0.200498838742976,-0.682153668372343,0.182111641353145
"290136",0.314328700754165,-0.534449190585842,0.242639860400877,0.0860140744863197,0.130794152721851,0.0507741404030176
"295146",0.274577303672475,0.573459489186686,0.339707028223366,-0.822924162022775,1.42286636626985,-1.85558007898412
"298455",0.478668240191965,0.7798005927026,1.64830235183037,-1.46539818207705,0.0900818364650939,0.401501501818994
"300618",0.586299319231044,0.164031305017929,-0.562865707158626,-0.0343938051311658,0.916769312472206,1.25559426722198
"303119",2.53090437489795,-0.0919060774064202,-0.418205070415079,-0.774007827872359,1.30499305611295,-0.833175015470112
"303624",-1.5150875554099,1.30624946760825,-0.606371424011706,0.113752337664002,-0.352416250921209,0.103325264249551
"304727",-1.00828606587595,0.930468726993918,0.466284745879915,-0.751822876127334,-0.50376666109747,0.365939989256396
"305830",0.821649084078723,-0.516877160075204,-1.19280109302261,0.891518336670082,-0.0928853443854625,0.18963644826953
"309636",-0.0985238858579976,0.0172704485523334,0.292971633321356,0.788695674327266,-0.80719526474807,0.856285413008491
"311320",0.714376413364266,0.253271371675077,0.0827942944220562,0.983071853737967,1.81803113214209,-2.11647979166433
"316633",-1.18488700486219,-0.438577634812986,1.75130379635396,0.016041783748302,0.557004777977251,0.0151483418264927
"316835",1.81886833851803,2.16261810634491,0.250986942585888,-0.471935446550224,-0.304806783382667,1.52735760852333
"318637",-1.34494432473952,1.72929879879438,0.135432728938947,-1.37727051305445,1.53742558115399,-0.403724221724909
"329844",-0.973925454195099,0.784735263120947,-0.576995879690921,-1.4314102849068,-0.0706626176892773,0.107510163828109
"330324",0.256828805186478,1.0106050765645,-0.415038281014156,0.406771482507626,-1.106572360497,-2.48033867544937
"333330",1.38461720525921,0.770848831910054,0.0178945731488513,-0.516084813637019,-1.32847263078717,-0.468238989036301
"334635",1.04972573070097,-1.04180647643224,0.436636385229545,0.195815057898111,0.45507335047481,1.25448427971283
"341834",0.219104619611088,-0.531242703631978,0.116566141507791,-0.236086673738535,-0.603900538985398,1.20305565112851
"342129",2.70163996500032,-0.59143869478317,-0.163016371333827,-1.12509425223015,-1.15714603625782,0.944199294701272
"346137",-1.55665794204568,0.201555455698784,-0.366876804705601,0.649700665923894,0.455245809799826,1.75059265952327
"346945",3.0964886008344,-0.914801100351655,-1.72448275765134,-1.17947519203492,0.687097384359922,-1.16195119877093
"348545",2.32056132715103,-1.03959594094922,1.86899735859916,-0.438910863695622,1.61480741813472,-1.43253749301549
"349244",-0.42183325447869,0.217646993686579,0.0792384103555383,0.333031816962645,-0.110455484496966,1.17760881745007
"352132",1.46696450649761,-0.588451242440648,1.29303898567673,-0.00647835963539212,-2.9404714745632,-1.87091814956061
"352738",-1.49230307408655,-0.581577573157662,1.32418958611561,-0.846733174275821,-0.292440516435423,-0.301941302804581
"353740",-1.28448460025491,-1.41177293020209,0.826273091828823,-2.25273818078361,0.606612599866266,-0.202007315539495
"356948",-0.601745471579338,-0.0779437328568826,-0.0827050886990456,0.129881382428533,-0.369933100850823,0.0436755502058539
"358144",-0.558215876314645,-1.02358290679491,-2.99640328738999,0.580867466300393,0.200456433079692,0.602447548654754
"361941",-0.54451572268007,0.2373995576554,1.76903951523679,1.17744521140937,1.81905160712019,0.7156733468348
"365343",0.100861522386138,-0.0414622108763101,0.341704099968856,-0.546158196189919,-1.82924382145624,-0.250804209298827
"366042",-0.764089309447971,0.47039023859375,0.95138875326669,0.0400156337587195,1.05787873143428,0.470998672848854
"368551",0.320819015965493,0.692202580053155,-0.499641241430023,-0.758902202950642,-0.913941306203843,-0.371154235021036
"377451",-0.15045474940142,0.173900529979755,2.14936719440804,0.0529860274452199,0.918214645967912,0.244337637293996
"378857",0.275152555951597,1.07847486211322,0.308088423830182,-0.26793760486564,-0.325012450084664,1.0783433527091
"379657",0.937516316335307,-0.879540652722232,1.10038836223858,0.706814791668517,0.430048744377034,1.73694397429754
"380036",1.30537223339879,-0.349865763813794,0.325462897310465,-0.752122907873745,-1.99196971463404,-1.05020518413184
"381038",-0.301174737256762,-1.60347107340206,1.44792500840544,0.447155285360932,-0.125357578744981,1.07804222236832
"381543",0.900996740868361,-1.6193758286752,-1.45219182946978,-1.75948340754674,2.13349053548891,-0.414803959205568
"385450",0.448284511733899,1.77335666184481,-0.367310852383965,1.45783636912026,0.861935643033137,0.00562781563103598
"387959",-1.47561125047292,0.0518632350641298,0.413078197961717,0.372230670582951,-0.00130283680530352,-1.58783603129231
"389357",-0.196727197845073,0.129686893404209,-1.00445197592666,0.317232625749767,0.456304631848009,0.241205394080828
"392447",0.388551037582687,-0.232992531342231,-0.62544507106071,-1.2274526008975,-0.408451894451475,1.26135512036533
"395958",-1.03612587229695,1.01528499479077,-1.85243235089891,-0.0751771829543557,-1.02473807020723,0.648067345734512
"397154",0.112818501489506,0.58149300101677,1.04546766122752,-0.451089291190599,0.154469170237156,0.643835539645928
"397760",-0.542663575025984,-0.739657303118042,0.00962748159424278,1.12355520102612,-0.607552923825644,1.195870192325
"397861",0.784257236849008,-2.28127490189922,-0.425651516214784,0.977002311893223,-0.420957703354496,-0.83934104433762
"406432",-1.06007037202098,0.111456894792215,-1.86000581432161,-0.177574222514724,-0.793243977048727,-0.21456986307356
"406836",-0.760540214751249,0.710748273692499,-2.28127238020984,-0.131736633560573,-0.471544935971339,0.0755381437940099
"412528",0.0344671866547297,0.508214787628978,-1.59986670502529,-0.875501323821356,-0.30335741299102,0.15160488291497
"414229",-0.730072368892282,-1.18699749127017,-0.632100376775105,-0.665620269554839,0.212614872883185,-0.988442385357044
"422632",-1.53665185997862,-0.31954559439702,0.316524673779449,-0.575105282285099,0.871103655377669,1.06678555417691
"424939",1.66261037091397,1.34289745312862,-0.0674117997502265,0.398105269943754,0.429947060655012,-0.415029606615587
"432332",-0.0434509910569943,-0.759198249156758,-1.39045041852457,0.414781015485597,-0.942268276489605,-1.49479395591927
"436239",-0.981213126747141,-0.430988331308795,1.29344454874047,-0.472035842872217,0.057046864514692,0.715200811908534
"436845",-0.713610496753214,-1.26424398108383,0.102551148842158,0.831380269595476,0.547715728505874,0.109291238315371
"441939",1.09468812459243,1.54300494671903,1.44275789403388,-1.35406302321027,0.0163823990473254,0.226589681930513
"445543",0.879106003327834,-1.94517108836237,1.35595743156749,0.00293109136454872,-0.274971981948876,1.12783148018131
"456346",-0.606179899357527,-0.676627364330008,0.11130079856422,0.541305487165518,0.168997424919013,1.96987761297923
"459453",0.366643373313916,0.452830092097666,1.02798821326366,1.40199529839852,-1.44275362076403,0.0246542190518957
"467351",-1.09297414668619,0.592049358196589,-1.6032290927435,-0.424558536237914,-1.04644398272798,-0.44274923356295
"475855",0.651955424583034,-1.69483368097855,-1.2692484835259,-1.25665285450344,0.479665574483741,-0.317531052368419
"479762",-0.624048847028847,0.0279196834751664,0.644955214863228,0.937025461569442,-0.806775464492471,1.74754786200766
"481951",-0.421649569181506,0.790445068401094,1.94256297616987,1.1947550231558,-0.373158614522236,1.27350393223615
"485757",0.416749178035894,0.555706996370955,-0.582903189490569,-1.56984478996899,-1.30967591430834,-0.392582857789556
"486759",-0.780955391058816,1.04770315254645,-1.78307630674417,0.00724183253303567,-1.35966341776742,1.10089688137253
"495255",-1.01894106188317,-0.710655315166511,2.17465008883599,-1.37073513189625,0.232088154078007,1.01290221941247
"497865",-1.91508426635454,0.083130154134307,0.653566642111177,-1.67555920380177,-0.168198913093992,0.989014445557848
"500222",0.434491695637064,0.879299392509026,0.379192965118462,2.45718574399655,-1.17037389389596,-0.145920281531117
"510225",-0.444533711311626,1.10898193159546,0.625545383770958,0.586787704196096,-0.794874100035918,0.142364962295436
"512835",1.55189550313378,-1.68480598356588,0.820596954392097,0.132585940508884,0.0398189742594381,0.370696951435188
"513736",-0.311059920725975,-1.45746681863108,-0.141924052775788,1.00115800037207,0.145629163736159,1.07603911971067
"519950",1.11682076145115,-0.365810646826134,0.485020298696356,0.864908171149006,-0.297174872184396,0.833136111012073
"520228",-1.42147610551251,2.35227134557224,0.678343536337967,-0.546531096517947,3.72009178766837,0.848059988041475
"523032",-0.619419592937253,-0.00841775031318415,1.44204619785728,1.2265362796701,-0.688241252610147,1.56228741005552
"524135",-2.1603376774605,2.50237111034531,1.49104178131492,2.26162829911785,1.12511862697548,-1.8059340824007
"525541",-1.06102554183247,0.174201441035017,0.201223677728088,0.667634814299993,0.538241289688971,0.401565088722663
"529549",-0.245773284095474,-1.88667118775598,-0.879447954309782,-0.0935906897149587,1.86728846565087,-0.563166765608078
"529953",-0.859303565112493,-0.881542424849573,-2.05455355905557,0.0488649123890761,-0.654097519190307,-0.214175272462636
"530635",-0.301872720452431,0.236802660965795,0.431476931646755,-0.833948539902121,-0.142153573350433,1.16399317598531
"531536",0.419133821989253,0.205121807158041,0.546195985994187,0.0597531592745808,-0.35083176746284,-0.442602410542962
"536647",0.599168126345347,0.686972267380311,-0.0278677948000008,-1.70610581286569,-1.40506380620884,0.927001529111037
"540436",-1.94543888328744,-0.827821695922953,0.40287840261098,0.434154809087873,1.10126831215864,-0.857730719937912
"541640",-0.431108469465214,1.72722634364558,0.0852158085842107,0.787948162375508,-0.130185902059876,-0.905611576156385
"541943",-0.447734921818818,-1.13218837610997,-0.693828450382143,1.23636712790826,0.354681036368622,0.789311507747498
"545345",-0.0360551645502623,0.851927917933866,-0.0975577784983053,-1.51877887553499,2.8805824131774,-0.530347022744916
"548250",1.74386919412295,0.673772144569792,0.0147351572433833,1.17581095302521,0.347840964656004,1.56733850674958
"555348",-0.50317301753412,2.67726785719156,0.194855429586678,0.0859918617539486,0.672886549885717,0.179206144510254
"557857",1.80841827073761,1.2529267293989,-0.201724999737249,1.96212714657066,1.28711528220761,1.11874540881896
"561242",-0.108773429700158,-1.48044308127299,0.120639702379671,0.6933553617115,-0.37776312985757,0.176272663063937
"562345",-0.511907729423144,-1.24422941826197,0.313005728418273,-0.458967169076078,-0.437144539787604,-0.289368066919357
"565452",-0.15454007957713,-1.21948685704788,-0.770912467875894,-1.40871218833476,0.734428704873802,0.257558266213705
"566454",1.0340280295095,2.13477141731801,-0.892826787426733,-0.238026827646326,1.35558491842899,-1.41628175079331
"567052",0.255536430400568,-0.485231717496432,0.485916817132194,1.74591187370009,-1.61887472548587,1.35659967683118
"567961",-0.843767280109183,-2.16443362253045,1.13983059744951,0.0550356786868682,0.664998615298884,0.349884418238493
"570243",1.17741794608769,-1.35268285116121,-0.270817354288805,-0.536213164677547,3.38010935314837,-1.271568255391
"573249",-1.49088378181207,-0.631391811303864,0.571021776297015,-0.255609408165565,1.37457177950363,-1.04513238860709
"573451",-0.655451426352157,-0.749443842377879,-1.79696835349141,1.08562375775488,-0.542392506570876,-0.705100344160927
"579867",0.692278346809028,0.823432416148175,0.414005325655843,0.804575795295504,-2.38051324441902,-0.391689055956067
"580044",-0.0129564996099402,-0.401248308643283,-0.13782966625767,0.492061175305003,0.928631546619686,0.0280353944382474
"580650",0.562648565567789,-0.700781973905736,0.429305340403415,1.20707044075783,0.454155717295773,-0.351596084039477
"580751",-1.49470719802867,1.26510440645122,-0.392174290687157,1.29785164539651,0.201801965929688,0.0114128874217715
"581349",1.23163794712875,-0.324020739518057,0.611906402919592,0.475529377973461,2.83242765968429,-2.401216389758
"581450",-0.209679109385966,0.218988501264544,-2.38370849579207,-0.630296520294525,1.77618289403926,0.81320666637738
"583858",0.970070703157184,-1.96123164063355,0.262029129418133,-2.02783506168755,-1.75237866184327,-1.65050507534424
"585862",-1.0535702707188,-0.0858885442201165,-1.60385818045488,-0.574405048891035,0.00974897124991433,-0.0378174724762685
"586460",0.177530881698768,1.0171215054908,-0.218065263460347,-1.0057909908327,-1.09989783717948,0.0580182242898044
"587664",0.432661237290963,-0.157526306884747,-0.476890292501932,0.0961483977363012,0.0123611756999016,0.640690442249812
"588565",0.167730478257827,-1.66837499237937,-0.080965963659067,1.37121799118222,-0.00460610195377018,-0.73778861535622
"592455",-0.758202182348346,-0.927787522480175,-0.970624646954441,1.23433340451348,-0.305056312339294,-1.25436789909755
"594156",-0.272331214835777,1.44650269168734,-0.664603931289843,1.31608134353584,0.139920601652163,-0.688469839683758
"599065",0.201272777409112,1.11474724885637,-0.620543479058912,-0.476489217840795,-0.770976962881054,1.25665956310471
"599671",0.83347295077493,1.77417336092665,-1.05258826752981,1.72039711268605,-0.0693153455779286,0.025412928252581
"601127",-2.1411198218963,0.169696951030233,-0.0617523662527252,2.24796287216557,2.07201003590505,0.628348166417202
"611938",1.16246390635349,1.6581592779324,-0.906269139763084,-0.554674894309504,-0.00748863924953053,1.21060160233684
"613538",1.3118463415988,0.218080668443393,-1.47984086934186,-0.851129584336388,-1.73475862156563,0.129095451014607
"615744",0.294712339636344,-1.10546366361192,1.10718880970289,-2.64533106537073,-0.682426467077072,-0.291786687980074
"620434",0.631676861341188,-0.719142524217141,0.419582715156426,0.414416782129544,-0.147431728396766,-0.0653509582386475
"623844",1.6994105210988,-0.143282122214699,-0.0210031209299494,-0.208180355168374,0.767275551458247,-1.72892419722819
"626648",-1.48773960173916,-0.527839652881358,-0.937385311283678,0.22095345926521,1.21176208133837,0.0327548385913456
"627852",1.82074854836005,-0.625599132946347,-0.123572166434759,-0.0797918862375609,-0.549033156428106,0.458164973112636
"633847",-1.27591070110551,0.286513392028942,-0.273306408449391,-1.12862635584691,0.0530951817395034,1.77991406720905
"645551",-0.0959467069699085,-1.01326486875642,-2.44525394768311,0.26397291357383,-0.698439960394242,0.397805249277344
"654350",0.232714960587023,-0.43843296229766,-0.482287456971597,-1.58337079649425,-0.457006388804112,-0.0378333993038449
"656253",-1.10808079718576,-0.822681932942691,0.0507794139689535,-0.184936608059936,-0.548991190144637,-1.69287696133799
"660951",-0.620869214162254,1.66432645316944,-0.00941330818892612,-0.902919276516447,0.451627288886688,-0.448048754672849
"667056",-0.138945327958659,-0.17504511144429,-0.302347329319332,0.17096408457225,-0.233723944159689,1.69269426093035
"668361",0.0527018654418753,-0.457878692895184,-0.513523333056833,0.985035128094731,0.385450652876538,0.110770066302928
"671855",0.187376419741788,0.158425680373198,-0.285436414559079,-0.76376670439678,1.14255930187902,-0.105475921939829
"673455",-0.755218228060882,1.07739506450684,0.604699679885965,-0.364191610033296,-0.797548018052334,-0.234664286138597
"677766",1.41403764145711,-0.421549375776163,1.76034417942108,0.0222164051670666,0.515004372469054,1.58868503915552
"679770",-1.42230936453866,-0.594582075519926,-0.573617514723506,-0.112630428600762,0.0992576901274696,1.09065692080726
"680250",-0.31183351381606,-1.02261573085976,-0.973288135187161,1.37776703179728,0.0974433315347524,-0.458173434933518
"683256",-0.812051582480453,0.0303787919465461,0.178996972029281,-1.66140717824139,-0.968092401618115,0.042721720073074
"687163",0.753890794448308,-0.389458133604345,0.746178697313528,-1.17210767586849,-0.045366608519742,0.0236575405810609
"690152",-0.713186065864623,0.747017411109064,0.0451766889088665,1.22181205746082,-0.86360388661533,0.217948152816802
"695768",0.475862153223096,0.231564833931751,0.124042407434629,0.544464330082016,1.37966089107064,0.627298898517044
"700634",1.20481554147805,-0.685083511497876,0.639434739772764,-1.07951892701671,-0.319549252139257,-1.053176630552
"704238",0.176424775193222,-0.0722873193348909,-0.256293248950925,1.21779778399027,0.00389644421686788,0.814710024601892
"705341",0.535627001281623,0.630254130301524,0.213335368886946,-1.42689777821341,0.26854345853807,0.940148245663053
"707749",1.02237469111095,-2.4814905107947,0.464775142096347,0.90207748589017,-0.0208486750563088,-1.28064017883959
"713239",-0.0121912695359567,0.761337594797902,0.631152683240839,0.440011356979228,-1.42882710754198,-0.0111801409080449
"715041",2.55260991417682,0.960725804419407,-0.786507447862819,-0.989982355638476,-0.986364623509164,1.1775817932353
"720337",-0.231895355134047,-0.174017434159412,0.40935781112299,0.718794756027682,-1.53656725361117,0.448128146286266
"725751",-1.12098199834342,-0.822367845732124,-2.67486489010635,0.56924808086133,0.0598071842443969,0.671716282875211
"727553",0.0167713058980878,2.15041024712972,1.50110896857387,-0.719589617927233,0.352648580490606,-0.652607335694093
"729254",-0.539759327677321,-0.461053486277017,2.73966684298576,2.18256350421407,-0.360090738794745,-0.547526188305978
"735148",0.970287727235314,-0.0801842164026319,0.686072762400207,-0.44505170733421,-0.0118713814087382,0.0785485653108121
"737960",1.31938972589185,-0.238802343659962,0.981275934238348,1.42453305778297,0.770285126156295,0.208765967948548
"742549",1.05673705873168,1.26290970485342,1.65875325919016,-0.158440521922339,-0.0326619505175769,2.08248175944935
"748662",-0.445560282054215,-1.65366091507401,-0.119172387181125,0.205381709199892,0.078240793868357,1.81551977702596
"749361",-0.429744213497619,-1.68127390806608,0.352867019516698,1.07330744450898,0.342519586567577,-0.193206154614846
"751348",0.795921334714101,0.273230783781023,-0.26751446813328,-1.22865563572905,0.487199264909004,0.62853063462137
"753251",0.365310178489898,-0.114158313847896,-0.973862285225217,0.16543562678074,-2.78594985708625,-0.461620976816255
"756055",0.425204222499245,-0.36137191436434,1.0158534047976,-0.816585378116607,-0.661836703927182,-1.1915454105853
"759869",-0.465924271672901,0.155584159163032,-0.0442796114475834,-1.25795244857227,-0.418434731813867,-0.872119020785857
"761957",0.798758340659175,-0.516621540620346,0.922425042783748,-0.510856702838865,0.158826643224222,-0.927126951824425
"765056",0.717419178658603,-0.106371710349594,0.979036958350388,-0.735573329977379,1.12720731379003,-0.33678078190413
"769064",0.895123761486075,0.369531615490247,-0.969253765560361,-0.405565247511358,0.768028598844484,0.680722930099795
"773257",0.404999545358164,0.122134926652123,0.909095514248397,-0.510236685612087,-1.24284288865945,1.4802631072425
"782561",-0.0114634541992258,-0.857427287227197,-1.67685597339874,-0.147559086174234,0.762347762839044,-0.468177760988855
"784565",0.505413689305128,1.11643347601433,0.923784901377485,-0.334583702693016,0.441255629217855,0.141246146218156
"789373",0.00351594460102267,-0.822620348882593,-1.15075406220161,-0.0391758379772906,0.405104104817767,-1.07021268924953
"793465",-0.900386940034954,0.186628587101911,1.27587186578752,-0.871149784345634,-1.47858125338027,-0.334130523862258
"800941",0.603644413272163,0.222988520395062,-0.250259889108258,-0.324176567153326,1.14486768930394,-0.841270056479937
"802844",2.28613641317881,-0.15197607782421,-2.74823878109015,-0.0776960264402069,0.542674348757684,0.111924187494892
"803240",-1.71197590642233,-0.166838153826395,1.59507787528674,-1.35135992782116,-0.482754097372181,-2.28898811695406
"814649",0.916646038929361,1.40275163655856,0.0862726974422119,-0.830198302555202,-0.437714417307962,0.288572662872775
"816653",-0.0233483081444926,-0.830535702048876,0.294385425148118,0.211148557694113,-0.952994345623504,0.410678431806266
"820745",-0.4957662964319,-1.6563522487622,0.118945539618808,0.935919243967497,-0.53369756728705,0.213929155757627
"825048",0.729226547179868,0.747124073225426,-0.169170657251211,0.542625539565102,-0.731589676475118,0.98213455284499
"826454",-1.71395077490686,1.05446698547681,0.453930070894117,-0.707650894403042,0.47098182685313,-1.0295244745094
"833148",-0.816610437772698,-0.639954853293062,-0.240392831316043,1.32088462558144,-0.23047782123579,-0.47631128252407
"833249",0.148822104053236,-1.47390271856561,0.37299403303607,0.355805917736883,-0.994777183945547,-0.487778977528791
"837560",0.998274737691676,-0.860257630797458,0.266154481794902,1.95118719973207,-0.622893264779808,1.22043359068197
"837964",0.68649327405312,1.47057292384715,2.50130012789637,-0.231516373116158,-1.07693511393425,1.6937929191685
"841349",1.71959461370388,-0.486184356863199,-0.0700626329641738,-0.0799804307928556,0.266206027424261,0.317951944182459
"845458",1.07985257746084,-1.00441038778932,0.128394304395168,-1.05812836962985,0.889715964687488,0.168224489053693
"849264",1.95791010076778,0.231910400142057,-1.4195929997413,-0.566930439188562,1.81390670084803,-1.4222099024954
"849971",-1.31561345311899,1.90135137048147,-0.710599860484162,1.09169798971113,-0.454287640227947,-1.0147384467041
"852455",0.570172035432732,1.58221168982508,1.07294518993508,2.44536160569796,0.670276011370308,-1.21161673494514
"856968",0.507713780420987,-1.85092084798494,0.631934125170066,-0.147858943884985,-1.12887412300129,0.740377581330069
"857263",-1.07182869586895,-0.750190131379756,-2.54620855295707,1.5676508178671,0.436682510226451,0.504655459831068
"859671",0.522667237725817,0.469107506412344,-0.00257562391811966,-0.242260138152626,0.102272840885536,0.706821249421486
"867468",-0.0534447021061377,-1.70785075659644,1.19237604861985,0.106489998279497,-1.58254652497152,0.900950551058746
"870861",-0.211508596286455,0.361513990501029,0.384640847477702,-0.517582139458906,0.479772851179243,-0.225763945028118
"871762",0.476791532979614,0.984074139655503,-1.37866695598959,-0.10045535516387,-0.282604589899318,1.78830191765921
"871964",-0.671177215692271,-0.187768977600794,0.110254643703622,1.37284448409544,-0.499058505353024,0.83098612748365
"872158",-0.139488576274296,-0.877189161375798,0.772687382085593,0.302473879762032,-0.802460501275457,-0.751078459669957
"872562",-0.467279925064779,-0.802632396751523,-0.100937740965263,0.315698113257959,-0.20121132588968,0.64032547489321
"873968",-1.09455476391032,1.05808722866461,0.124700437032105,0.19175172156224,-0.00685688679619005,-0.575277643801935
"877269",-1.11138564678209,0.390894985237467,0.0429148064145657,1.52238687673739,0.844292304831324,-1.38403580075424
"878776",1.21573550874477,-0.994651819696952,-0.4736814827581,0.288619207248586,-1.19295458898156,-0.0570601014952039
"878877",-1.01021438060781,-0.950914187573898,-1.31192692602903,1.28434137899973,0.167222259767559,-0.619968291145451
"882161",0.615562481501286,0.52219288383513,-1.36848205421006,0.161671490132047,0.845196369670561,-0.233572677859246
"891667",-1.35352209522275,-1.81334644149267,-1.08777081495064,0.338030262599965,0.623394989096285,0.921023024623855
"894067",-1.07348874120737,0.308944532278366,1.54825115011742,-0.894401012592782,-1.23483835723318,0.166982385552443
"894673",-0.078609893598283,1.35130352976242,-0.186254892734398,-1.06740080220564,0.37991505085838,1.39878793408609
"894774",-1.1881803038139,0.746359219916076,-1.73496830085941,-0.32290189541644,-0.882951679291858,-0.215730476094424
"896879",0.916719167553498,0.247895153136473,-0.571325430710296,-1.47982933037368,1.20244955882735,-1.50338534682526
"898176",-0.33696768878489,-0.171847513230924,0.303337680922058,0.208919717366599,0.280633872598667,0.199858887556358
"899885",1.64149466353891,-0.559021324806807,0.158048189898111,-0.725069316192335,1.25415646263213,-0.842466123216071
"901038",1.12099439883123,-0.934782094599304,1.38211372125857,-2.10479497537406,0.188932616901519,-0.955425288034668
"901442",-1.5253013465105,-1.07269735782469,0.0250087448349869,-1.74707823317476,0.413588443591684,-0.718819318235619
"907656",1.36816863588581,-0.838079098565639,-1.46804770163488,0.25676052273548,1.7812023383142,-1.20579061223574
"910241",-0.738605279848113,-0.00496590443371969,-0.218862504120438,0.985014672724367,0.663594986827322,-0.527285245488237
"912447",0.530729527742022,0.634756149429285,-0.396361705233882,0.944219466323309,2.7542750850589,1.44104248127118
"917255",-1.29091030048306,0.0123518444140035,0.431673925913134,0.0747983886673268,-0.438313788656558,-1.85307463226118
"922854",-0.619315358340317,1.3273050147093,-0.556025071060087,-0.860451311907501,0.0101967281904404,-1.06576664162167
"923755",1.90041940200326,0.438939273426985,-0.0319124605895973,-0.446859956739996,-1.01547213474916,-1.70214965887628
"926862",0.144644373843989,0.222922539373327,0.541347427986968,-1.33244925743492,0.439680521522565,-0.62612698455508
"930449",-0.41051643454715,-0.758482401275117,-0.17053863411551,-0.332140307834819,-0.606245209649302,0.856113709292962
"932554",0.0487972376386429,-0.78574589002889,-1.22386079927754,0.485745338401243,0.987506656837618,-0.895026169138414
"942658",-0.68481425407456,1.09011201635846,0.413453325435519,-0.615884779361492,0.057889482535043,1.25176531053171
"947668",-0.0659677341483569,-1.61371037776708,0.748253528013095,1.92981351936423,0.276940353650105,1.3485492914553
"951457",0.433692546200526,0.953173145913566,0.35133622065164,1.31855090281286,-1.78377712561268,-0.585410736001574
"952863",-0.935435680801017,-0.217537017687669,0.670354332732663,0.105175450123878,0.152538534193091,-0.139039309651668
"955465",0.534085970214794,-0.349349794014648,-0.936825159203796,0.210626646541529,0.642955402386332,-0.656418549833204
"959574",-0.735403580840568,-0.185824792876498,0.924188790686597,0.156178592339588,-0.12981296002372,0.115158570707087
"965771",-0.134948802080906,-1.19042300987527,-1.23210147166055,-0.746782710516958,2.03385366335078,-0.1150690082344
"971160",-1.09647497095068,-1.05181712523998,1.18406990370981,1.01702066802062,0.290941080830227,1.4023751842349
"978578",0.262075453868257,-0.994839627430124,-0.0336695164723625,0.730319531305773,1.06180984723362,0.393043189946342
"979984",0.791534070596849,0.151245371200165,1.05934689029654,-0.830120349820587,0.925164575211892,2.31493553106852
"983773",0.630100015432462,-2.20236652612083,0.49324621020961,-0.0551450954033093,-0.253742622521782,0.457885388059175
"990366",0.198501740854019,-0.159599785315827,-0.497030474115261,0.990421461903152,-0.653079897378751,0.504917521309735
"991267",0.829683749183709,1.30521561598746,-0.065680069562707,0.658782107797643,0.309479519093029,-0.705603154021681
"993675",-0.408132183631006,0.0556011756133074,0.404828993234453,0.69684924309846,-0.451274254969597,-0.0478071827410844
"996782",0.0443492062771654,-0.175859106576992,0.246736775308585,-0.730585095510543,0.39580704105335,-1.23347525294223
